Date,Open,High,Low,Close,Adj Close,Volume
2016-01-04,26.670000,26.740000,26.459999,26.639999,23.927208,37500
2016-01-05,26.719999,26.900000,26.719999,26.830000,24.097858,23800
2016-01-06,26.570000,26.639999,26.440001,26.459999,23.765535,15900
2016-01-07,25.879999,26.070000,25.660000,25.700001,23.082930,19300
2016-01-08,25.850000,25.920000,25.530001,25.530001,22.930237,19900
2016-01-11,25.650000,25.650000,25.459999,25.629999,23.020054,10900
2016-01-12,25.830000,25.850000,25.600000,25.750000,23.127836,20000
2016-01-13,25.940001,25.940001,25.549999,25.549999,22.948200,26400
2016-01-14,25.549999,25.980000,25.500000,25.969999,23.325430,23300
2016-01-15,25.100000,25.240000,24.889999,25.139999,22.579958,28900
2016-01-18,25.090000,25.370001,24.940001,25.370001,22.786531,22900
2016-01-19,25.740000,25.740000,25.370001,25.570000,22.966164,14300
2016-01-20,25.180000,25.180000,24.590000,24.969999,22.427261,29600
2016-01-21,24.719999,24.870001,24.549999,24.670000,22.157816,31200
2016-01-22,25.070000,25.090000,24.959999,25.080000,22.526060,13400
2016-01-25,25.059999,25.190001,24.969999,24.990000,22.445229,12900
2016-01-26,24.910000,25.000000,24.879999,24.980000,22.436247,30200
2016-01-27,24.959999,25.190001,24.879999,24.879999,22.346432,15700
2016-01-28,25.150000,25.240000,25.030001,25.170000,22.606895,13900
2016-01-29,25.520000,26.020000,25.520000,26.020000,23.370344,24600
2016-02-01,25.580000,25.690001,25.510000,25.610001,23.002096,13900
2016-02-02,25.440001,25.440001,24.940001,25.010000,22.463192,18200
2016-02-03,24.969999,25.219999,24.680000,25.219999,22.651810,16000
2016-02-04,25.200001,25.480000,25.150000,25.260000,22.687737,24000
2016-02-05,25.350000,25.420000,25.260000,25.290001,22.714682,14400
2016-02-08,25.100000,25.120001,24.799999,25.020000,22.472174,16700
2016-02-09,24.530001,24.799999,24.410000,24.660000,22.148834,19700
2016-02-10,24.870001,25.209999,24.799999,24.799999,22.274576,20800
2016-02-11,24.450001,24.540001,24.350000,24.459999,21.969198,27400
2016-02-12,24.690001,24.719999,24.440001,24.719999,22.202723,10300
2016-02-16,25.209999,25.340000,25.200001,25.330000,22.750605,12400
2016-02-17,25.209999,25.559999,25.209999,25.559999,22.957186,17600
2016-02-18,25.610001,25.629999,25.459999,25.520000,22.921261,14800
2016-02-19,25.520000,25.549999,25.430000,25.459999,22.867367,19400
2016-02-22,25.700001,25.940001,25.700001,25.930000,23.289509,7200
2016-02-23,25.809999,25.809999,25.500000,25.510000,22.912275,8300
2016-02-24,25.299999,25.420000,25.100000,25.330000,22.750605,10400
2016-02-25,25.180000,25.180000,24.990000,25.129999,22.570971,21900
2016-02-26,25.190001,25.219999,24.830000,24.840000,22.310505,14600
2016-02-29,25.090000,25.280001,25.000000,25.049999,22.499121,22300
2016-03-01,25.469999,25.709999,25.469999,25.709999,23.091909,17800
2016-03-02,25.900000,26.150000,25.900000,26.139999,23.478121,29900
2016-03-03,26.209999,26.360001,26.139999,26.360001,23.675720,35700
2016-03-04,26.650000,26.879999,26.629999,26.780001,24.052950,16900
2016-03-07,26.639999,26.760000,26.580000,26.620001,23.909241,57000
2016-03-08,26.540001,26.590000,26.370001,26.459999,23.765535,31100
2016-03-09,26.690001,26.690001,26.260000,26.280001,23.603865,13800
2016-03-10,26.510000,26.510000,26.150000,26.400000,23.711647,17400
2016-03-11,26.620001,26.790001,26.490000,26.770000,24.043968,24200
2016-03-14,26.740000,26.809999,26.680000,26.700001,23.981092,16300
2016-03-15,26.389999,26.389999,26.270000,26.370001,23.725582,16300
2016-03-16,26.160000,26.450001,26.160000,26.450001,23.797554,10200
2016-03-17,26.540001,26.760000,26.450001,26.740000,24.058468,18900
2016-03-18,26.840000,27.030001,26.840000,26.930000,24.229420,15100
2016-03-21,27.070000,27.200001,27.070000,27.190001,24.463343,18900
2016-03-22,27.000000,27.139999,26.930000,26.990000,24.283401,13400
2016-03-23,27.000000,27.000000,26.870001,26.910000,24.211426,15500
2016-03-24,26.799999,26.879999,26.690001,26.879999,24.184433,20700
2016-03-28,26.889999,26.889999,26.809999,26.879999,24.184433,76800
2016-03-29,26.700001,26.930000,26.610001,26.879999,24.184433,30200
2016-03-30,27.139999,27.219999,26.990000,27.000000,24.292402,17500
2016-03-31,27.000000,27.180000,26.959999,27.040001,24.328388,33400
2016-04-01,26.799999,27.150000,26.730000,27.110001,24.391369,32700
2016-04-04,27.180000,27.180000,26.879999,26.889999,24.193432,17500
2016-04-05,26.840000,26.840000,26.530001,26.570000,23.905521,21200
2016-04-06,26.500000,26.760000,26.480000,26.760000,24.076466,13400
2016-04-07,26.540001,26.540001,26.280001,26.299999,23.662594,16800
2016-04-08,26.600000,26.629999,26.420000,26.490000,23.833542,10400
2016-04-11,26.740000,26.840000,26.620001,26.629999,23.959503,8800
2016-04-12,26.700001,26.850000,26.620001,26.750000,24.067471,13500
2016-04-13,27.240000,27.360001,27.170000,27.360001,24.616299,9100
2016-04-14,27.309999,27.309999,27.240000,27.299999,24.562315,6600
2016-04-15,27.309999,27.309999,27.090000,27.090000,24.373375,6500
2016-04-18,27.120001,27.299999,27.070000,27.120001,24.400364,12200
2016-04-19,27.129999,27.250000,27.090000,27.240000,24.508331,30400
2016-04-20,27.070000,27.090000,26.920000,27.030001,24.319391,23900
2016-04-21,27.059999,27.059999,26.820000,26.870001,24.175434,18700
2016-04-22,26.740000,26.790001,26.660000,26.680000,24.004490,9800
2016-04-25,26.650000,26.650000,26.490000,26.490000,23.833542,24900
2016-04-26,26.629999,26.680000,26.559999,26.680000,24.004490,17100
2016-04-27,26.610001,26.870001,26.580000,26.840000,24.148443,11700
2016-04-28,26.559999,26.600000,26.400000,26.400000,23.752569,14000
2016-04-29,26.330000,26.379999,26.209999,26.350000,23.707586,11600
2016-05-02,26.299999,26.309999,26.180000,26.290001,23.653597,7300
2016-05-03,26.030001,26.030001,25.799999,25.889999,23.293711,17200
2016-05-04,25.959999,26.020000,25.830000,25.870001,23.275721,14600
2016-05-05,25.940001,26.020000,25.790001,25.840000,23.248724,15600
2016-05-06,25.850000,26.090000,25.850000,26.010000,23.401676,11300
2016-05-09,26.020000,26.020000,25.690001,25.700001,23.122766,14900
2016-05-10,25.870001,26.110001,25.870001,26.110001,23.491652,7100
2016-05-11,26.059999,26.059999,25.900000,25.900000,23.302704,25200
2016-05-12,25.910000,25.920000,25.740000,25.809999,23.221735,10100
2016-05-13,25.809999,25.850000,25.530001,25.530001,22.969814,18700
2016-05-16,25.709999,25.850000,25.709999,25.799999,23.212736,12100
2016-05-17,25.809999,25.830000,25.620001,25.660000,23.086777,5400
2016-05-18,25.670000,25.799999,25.610001,25.719999,23.140757,9500
2016-05-19,25.580000,25.590000,25.480000,25.580000,23.014797,15500
2016-05-20,25.740000,25.959999,25.740000,25.889999,23.293711,6700
2016-05-24,26.070000,26.230000,26.070000,26.219999,23.590616,11500
2016-05-25,26.350000,26.420000,26.250000,26.250000,23.617609,6600
2016-05-26,26.200001,26.340000,26.200001,26.320000,23.680592,6000
2016-05-27,26.559999,26.580000,26.379999,26.410000,23.761568,11800
2016-05-30,26.510000,26.549999,26.430000,26.480000,23.824545,9600
2016-05-31,26.580000,26.700001,26.540001,26.700001,24.022486,43200
2016-06-01,26.500000,26.590000,26.450001,26.549999,23.887531,16600
2016-06-02,26.670000,26.820000,26.600000,26.820000,24.130451,21300
2016-06-03,26.780001,26.910000,26.719999,26.910000,24.211426,6900
2016-06-06,26.900000,26.959999,26.809999,26.879999,24.184433,27600
2016-06-07,27.010000,27.100000,27.010000,27.030001,24.319391,11200
2016-06-08,27.010000,27.090000,26.980000,27.090000,24.373375,5500
2016-06-09,26.840000,26.840000,26.780001,26.809999,24.121450,12700
2016-06-10,26.330000,26.389999,26.240000,26.250000,23.617609,12000
2016-06-13,26.100000,26.120001,25.950001,26.020000,23.410675,19700
2016-06-14,25.799999,25.900000,25.600000,25.780001,23.319317,12300
2016-06-15,26.170000,26.389999,26.170000,26.389999,23.871086,4500
2016-06-16,26.080000,26.230000,25.980000,26.190001,23.690180,10700
2016-06-17,26.200001,26.209999,26.049999,26.170000,23.672091,11200
2016-06-20,26.450001,26.600000,26.450001,26.469999,23.943457,13800
2016-06-21,26.530001,26.660000,26.469999,26.650000,24.106276,10300
2016-06-22,26.709999,26.809999,26.690001,26.730000,24.178642,24800
2016-06-23,26.889999,27.139999,26.879999,27.139999,24.549507,6800
2016-06-24,26.209999,26.690001,26.049999,26.270000,23.762545,33400
2016-06-27,26.150000,26.150000,25.820000,26.030001,23.545454,24000
2016-06-28,26.620001,26.709999,26.580000,26.670000,24.124367,11600
2016-06-29,27.120001,27.250000,27.120001,27.219999,24.621868,19200
2016-06-30,27.230000,27.530001,27.230000,27.330000,24.721369,10100
2016-07-04,27.559999,27.559999,27.100000,27.100000,24.513325,34100
2016-07-05,27.180000,27.270000,27.040001,27.250000,24.649004,32700
2016-07-06,26.940001,27.120001,26.900000,27.120001,24.531416,25200
2016-07-07,27.120001,27.150000,27.040001,27.100000,24.513325,14300
2016-07-08,27.490000,27.790001,27.490000,27.760000,25.110327,14300
2016-07-11,28.000000,28.260000,28.000000,28.200001,25.508331,12000
2016-07-12,28.360001,28.420000,28.330000,28.370001,25.662106,8700
2016-07-13,28.450001,28.450001,28.110001,28.230000,25.535467,24100
2016-07-14,28.430000,28.530001,28.400000,28.440001,25.725420,16900
2016-07-15,28.440001,28.510000,28.400000,28.490000,25.770647,6100
2016-07-18,28.500000,28.719999,28.459999,28.690001,25.951561,8000
2016-07-19,28.690001,28.690001,28.580000,28.590000,25.861105,11700
2016-07-20,28.790001,28.870001,28.770000,28.850000,26.096289,5400
2016-07-21,28.830000,28.870001,28.799999,28.840000,26.087238,12800
2016-07-22,28.889999,29.180000,28.889999,29.180000,26.394787,10300
2016-07-25,29.270000,29.270000,29.070000,29.120001,26.340517,8300
2016-07-26,29.129999,29.280001,29.129999,29.209999,26.421923,152500
2016-07-27,29.209999,29.290001,29.110001,29.209999,26.421923,13100
2016-07-28,29.180000,29.180000,29.049999,29.150000,26.367649,8500
2016-07-29,29.000000,29.110001,28.980000,29.020000,26.250059,15700
2016-08-02,28.969999,28.969999,28.690001,28.900000,26.141512,16900
2016-08-03,28.780001,29.010000,28.750000,29.010000,26.241018,9700
2016-08-04,29.090000,29.100000,29.000000,29.070000,26.295286,7400
2016-08-05,29.540001,29.680000,29.540001,29.670000,26.838015,19700
2016-08-08,29.870001,29.879999,29.850000,29.860001,27.009882,8700
2016-08-09,29.889999,30.030001,29.889999,29.969999,27.109386,15500
2016-08-10,29.830000,29.860001,29.709999,29.770000,26.928473,8800
2016-08-11,29.780001,29.920000,29.780001,29.920000,27.064157,9900
2016-08-12,29.809999,29.820000,29.650000,29.740000,26.901339,13200
2016-08-15,29.870001,30.020000,29.870001,29.980000,27.118429,18400
2016-08-16,29.799999,29.799999,29.660000,29.660000,26.828974,22900
2016-08-17,29.580000,29.600000,29.330000,29.590000,26.765656,25800
2016-08-18,29.629999,29.680000,29.530001,29.610001,26.783749,14000
2016-08-19,29.459999,29.639999,29.440001,29.639999,26.810879,15200
2016-08-22,29.530001,29.530001,29.410000,29.480000,26.666151,26000
2016-08-23,29.639999,29.639999,29.240000,29.240000,26.449060,18500
2016-08-24,29.260000,29.389999,29.230000,29.360001,26.557610,4000
2016-08-25,29.320000,29.400000,29.290001,29.360001,26.557610,14600
2016-08-26,29.360001,29.650000,29.090000,29.280001,26.485243,67200
2016-08-29,29.410000,29.580000,29.410000,29.559999,26.738518,9100
2016-08-30,29.680000,29.750000,29.580000,29.680000,26.847067,103000
2016-08-31,29.639999,29.639999,29.389999,29.430000,26.620926,19600
2016-09-01,29.510000,29.520000,29.299999,29.500000,26.684242,7100
2016-09-02,29.770000,29.770000,29.670000,29.750000,26.910381,13200
2016-09-06,29.950001,29.959999,29.750000,29.930000,27.073206,29100
2016-09-07,29.980000,30.070000,29.889999,30.040001,27.172707,28900
2016-09-08,30.120001,30.120001,29.980000,30.010000,27.145567,8300
2016-09-09,29.840000,29.840000,29.370001,29.370001,26.566658,21400
2016-09-12,29.209999,29.639999,29.150000,29.610001,26.783749,35400
2016-09-13,29.010000,29.010000,28.670000,28.830000,26.342422,28100
2016-09-14,28.980000,29.100000,28.930000,28.930000,26.433788,29800
2016-09-15,29.139999,29.389999,29.090000,29.330000,26.799274,30500
2016-09-16,29.240000,29.299999,29.080000,29.250000,26.726183,9400
2016-09-19,29.530001,29.610001,29.459999,29.459999,26.918058,18100
2016-09-20,29.700001,29.700001,29.549999,29.549999,27.000294,5600
2016-09-21,29.719999,30.000000,29.610001,29.959999,27.374918,34700
2016-09-22,29.969999,30.049999,29.900000,30.010000,27.420605,11400
2016-09-23,29.940001,30.000000,29.879999,29.889999,27.310953,28400
2016-09-26,29.610001,29.670000,29.520000,29.610001,27.055119,24500
2016-09-27,29.799999,29.889999,29.760000,29.870001,27.292686,11400
2016-09-28,30.010000,30.030001,29.850000,29.950001,27.365782,9800
2016-09-29,29.719999,29.809999,29.530001,29.559999,27.009434,38500
2016-09-30,29.530001,29.750000,29.530001,29.700001,27.137350,31000
2016-10-03,29.700001,29.879999,29.700001,29.879999,27.301821,14000
2016-10-04,30.049999,30.080000,29.730000,29.799999,27.228725,30000
2016-10-05,30.020000,30.170000,30.020000,30.170000,27.566799,8800
2016-10-06,30.100000,30.260000,30.059999,30.219999,27.612484,9200
2016-10-07,30.290001,30.309999,30.139999,30.290001,27.676449,11800
2016-10-11,29.930000,29.930000,29.770000,29.900000,27.320095,27300
2016-10-12,29.790001,29.889999,29.790001,29.879999,27.301821,22300
2016-10-13,29.480000,29.620001,29.330000,29.540001,26.991161,29800
2016-10-14,29.790001,29.790001,29.469999,29.520000,26.972885,22700
2016-10-17,29.450001,29.520000,29.389999,29.400000,26.863239,38000
2016-10-18,29.799999,29.930000,29.750000,29.910000,27.329233,21700
2016-10-19,29.950001,30.150000,29.750000,30.090000,27.493704,22400
2016-10-20,30.110001,30.320000,30.100000,30.250000,27.639894,29900
2016-10-21,30.379999,30.540001,30.330000,30.510000,27.877462,8400
2016-10-24,30.770000,30.790001,30.690001,30.790001,28.133303,10900
2016-10-25,30.690001,30.719999,30.639999,30.709999,28.060204,12900
2016-10-26,30.490000,30.549999,30.410000,30.520000,27.886599,15900
2016-10-27,30.500000,30.500000,30.320000,30.320000,27.703856,7800
2016-10-28,30.370001,30.379999,30.110001,30.120001,27.521118,25300
2016-10-31,30.360001,30.459999,30.309999,30.459999,27.831772,9100
2016-11-01,30.459999,30.459999,29.910000,30.180000,27.575939,21200
2016-11-02,30.080000,30.080000,29.719999,29.820000,27.246994,25500
2016-11-03,29.879999,29.900000,29.650000,29.690001,27.128216,10900
2016-11-04,29.590000,29.650000,29.440001,29.469999,26.927198,22600
2016-11-07,30.010000,30.400000,30.010000,30.389999,27.767813,19400
2016-11-08,30.280001,30.610001,30.200001,30.360001,27.740408,20800
2016-11-09,29.870001,30.150000,29.730000,29.760000,27.192177,63500
2016-11-10,29.770000,29.770000,29.000000,29.110001,26.598259,32100
2016-11-11,28.719999,28.799999,28.330000,28.730000,26.251047,26100
2016-11-14,28.629999,28.730000,28.410000,28.610001,26.141405,23500
2016-11-15,28.700001,28.950001,28.700001,28.900000,26.406382,22700
2016-11-16,28.600000,28.670000,28.480000,28.639999,26.168816,32600
2016-11-17,28.730000,28.910000,28.700001,28.820000,26.333282,15100
2016-11-18,28.900000,28.920000,28.730000,28.750000,26.269321,43100
2016-11-21,28.799999,28.870001,28.740000,28.790001,26.305870,46800
2016-11-22,29.150000,29.230000,29.049999,29.230000,26.707905,8300
2016-11-23,28.980000,29.030001,28.900000,29.030001,26.525158,16000
2016-11-24,28.990000,29.100000,28.990000,29.020000,26.516027,6100
2016-11-25,29.250000,29.400000,29.190001,29.330000,26.799274,13200
2016-11-28,29.170000,29.230000,29.110001,29.160000,26.643946,35300
2016-11-29,29.129999,29.270000,29.129999,29.200001,26.680492,5600
2016-11-30,29.290001,29.320000,29.219999,29.260000,26.735319,10700
2016-12-01,29.040001,29.040001,28.639999,28.690001,26.214502,22300
2016-12-02,28.620001,28.740000,28.580000,28.580000,26.113993,7900
2016-12-05,28.620001,28.719999,28.620001,28.709999,26.232771,18200
2016-12-06,28.860001,28.920000,28.830000,28.910000,26.415514,10000
2016-12-07,29.120001,29.270000,29.020000,29.219999,26.698771,16000
2016-12-08,29.200001,29.280001,29.120001,29.219999,26.698771,23200
2016-12-09,29.059999,29.110001,29.000000,29.100000,26.589121,15200
2016-12-12,28.780001,28.820000,28.690001,28.750000,26.269321,22700
2016-12-13,28.840000,29.049999,28.840000,29.010000,26.506893,18500
2016-12-14,28.770000,28.910000,28.490000,28.500000,26.040894,39600
2016-12-15,28.680000,28.850000,28.680000,28.809999,26.324146,10000
2016-12-16,28.799999,28.820000,28.549999,28.559999,26.095718,10800
2016-12-19,28.650000,28.700001,28.559999,28.559999,26.095718,22200
2016-12-20,28.629999,28.629999,28.490000,28.500000,26.040894,36600
2016-12-21,28.620001,28.620001,28.490000,28.490000,26.031757,39300
2016-12-22,28.459999,28.459999,28.250000,28.400000,25.949526,16100
2016-12-23,28.530001,28.629999,28.530001,28.629999,26.159678,10200
2016-12-28,28.889999,28.940001,28.870001,28.879999,26.473171,17100
2016-12-29,29.129999,29.280001,29.129999,29.240000,26.803169,21700
2016-12-30,29.170000,29.170000,28.870001,28.900000,26.491508,13000
2017-01-03,29.290001,29.410000,29.110001,29.230000,26.794004,40600
2017-01-04,29.200001,29.299999,29.150000,29.240000,26.803169,25900
2017-01-05,29.420000,29.430000,29.200001,29.400000,26.949841,23100
2017-01-06,29.290001,29.290001,29.150000,29.250000,26.812342,32300
2017-01-09,29.260000,29.270000,29.180000,29.190001,26.757343,16600
2017-01-10,29.299999,29.440001,29.299999,29.400000,26.949841,14700
2017-01-11,29.430000,29.510000,29.250000,29.469999,27.014006,67600
2017-01-12,29.370001,29.459999,29.309999,29.459999,27.004835,15400
2017-01-13,29.450001,29.450001,29.389999,29.420000,26.968174,26600
2017-01-16,29.459999,29.580000,29.450001,29.469999,27.014006,26200
2017-01-17,29.219999,29.299999,29.150000,29.180000,26.748175,31300
2017-01-18,29.360001,29.600000,29.280001,29.559999,27.096504,15200
2017-01-19,29.620001,29.660000,29.540001,29.600000,27.133171,10300
2017-01-20,29.700001,29.760000,29.610001,29.700001,27.224834,37400
2017-01-23,29.879999,29.990000,29.850000,29.969999,27.472338,12900
2017-01-24,29.959999,30.030001,29.889999,29.950001,27.454002,24800
2017-01-25,30.040001,30.040001,29.889999,29.980000,27.481503,17700
2017-01-26,30.059999,30.059999,29.950001,29.950001,27.454002,11600
2017-01-27,30.030001,30.040001,29.940001,30.040001,27.536505,6100
2017-01-30,29.910000,29.910000,29.760000,29.850000,27.362341,27000
2017-01-31,29.690001,29.690001,29.570000,29.620001,27.151508,17000
2017-02-01,29.930000,29.940001,29.799999,29.799999,27.316505,28400
2017-02-02,29.760000,29.830000,29.750000,29.830000,27.344000,11200
2017-02-03,29.950001,30.010000,29.920000,30.010000,27.509003,20700
2017-02-06,30.129999,30.219999,30.070000,30.090000,27.582338,16200
2017-02-07,30.200001,30.260000,30.139999,30.139999,27.628168,18000
2017-02-08,30.219999,30.400000,30.200001,30.360001,27.829836,12600
2017-02-09,30.400000,30.530001,30.379999,30.510000,27.967335,15600
2017-02-10,30.450001,30.660000,30.420000,30.629999,28.077332,11900
2017-02-13,30.719999,30.780001,30.690001,30.760000,28.196497,56300
2017-02-14,30.650000,30.770000,30.580000,30.770000,28.205664,36400
2017-02-15,30.879999,31.030001,30.860001,30.990000,28.407328,30900
2017-02-16,31.000000,31.000000,30.860001,30.910000,28.333998,73400
2017-02-17,30.719999,30.830000,30.700001,30.830000,28.260668,26000
2017-02-21,31.100000,31.250000,31.100000,31.230000,28.627327,57700
2017-02-22,31.330000,31.370001,31.290001,31.309999,28.700659,41800
2017-02-23,31.379999,31.379999,31.219999,31.250000,28.645664,41100
2017-02-24,30.910000,30.930000,30.830000,30.900000,28.324827,44300
2017-02-27,30.820000,30.910000,30.799999,30.900000,28.324827,60900
2017-02-28,31.010000,31.070000,30.889999,30.959999,28.379826,31000
2017-03-01,31.299999,31.580000,31.280001,31.530001,28.902328,29800
2017-03-02,31.280001,31.290001,31.120001,31.120001,28.526495,45700
2017-03-03,31.299999,31.420000,31.260000,31.360001,28.746498,50800
2017-03-06,31.440001,31.490000,31.350000,31.469999,28.847330,40400
2017-03-07,31.520000,31.580000,31.469999,31.500000,28.874830,20500
2017-03-08,31.480000,31.510000,31.379999,31.379999,28.764828,41500
2017-03-09,31.260000,31.260000,31.000000,31.150000,28.553999,56600
2017-03-10,31.200001,31.280001,31.190001,31.280001,28.673161,33500
2017-03-13,31.580000,31.690001,31.540001,31.650000,29.012327,22600
2017-03-14,31.690001,31.690001,31.559999,31.559999,28.929825,19200
2017-03-15,31.639999,32.009998,31.600000,31.900000,29.241491,45800
2017-03-16,32.080002,32.240002,32.080002,32.209999,29.525656,38800
2017-03-17,32.150002,32.200001,32.090000,32.150002,29.470659,49200
2017-03-20,32.299999,32.529999,32.279999,32.500000,29.791491,46700
2017-03-21,32.439999,32.439999,32.080002,32.130001,29.452326,54500
2017-03-22,32.130001,32.250000,32.080002,32.130001,29.504669,33000
2017-03-23,32.080002,32.270000,32.040001,32.189999,29.559763,38800
2017-03-24,32.240002,32.389999,32.240002,32.360001,29.715874,26300
2017-03-27,32.099998,32.299999,32.049999,32.250000,29.614861,44800
2017-03-28,32.230000,32.360001,32.230000,32.340000,29.697506,23000
2017-03-29,32.299999,32.360001,32.240002,32.259998,29.624044,16900
2017-03-30,32.090000,32.119999,32.040001,32.110001,29.486301,16200
2017-03-31,31.850000,31.920000,31.770000,31.790001,29.192450,51500
2017-04-03,32.099998,32.259998,32.029999,32.200001,29.568951,45200
2017-04-04,32.279999,32.389999,32.279999,32.360001,29.715874,26400
2017-04-05,32.470001,32.540001,32.320000,32.340000,29.697506,52100
2017-04-06,32.340000,32.340000,32.169998,32.240002,29.605679,56100
2017-04-07,32.119999,32.340000,32.090000,32.240002,29.605679,58500
2017-04-10,31.980000,31.980000,31.879999,31.900000,29.293463,43000
2017-04-11,31.930000,31.950001,31.750000,31.920000,29.311827,41400
2017-04-12,31.940001,31.940001,31.719999,31.879999,29.275095,103500
2017-04-13,31.820000,31.980000,31.790001,31.879999,29.275095,56300
2017-04-17,31.900000,32.080002,31.850000,32.070000,29.449572,39300
2017-04-18,31.920000,32.009998,31.860001,31.889999,29.284277,71000
2017-04-19,32.049999,32.049999,31.860001,31.879999,29.275095,30000
2017-04-20,32.240002,32.240002,32.110001,32.200001,29.568951,33800
2017-04-21,32.250000,32.290001,32.209999,32.250000,29.614861,23700
2017-04-24,32.580002,32.660000,32.540001,32.639999,29.972996,35200
2017-04-25,33.009998,33.130001,32.990002,33.000000,30.303577,56200
2017-04-26,33.009998,33.060001,32.950001,32.970001,30.276031,40000
2017-04-27,33.009998,33.020000,32.900002,32.930000,30.239300,44600
2017-04-28,33.070000,33.150002,33.040001,33.139999,30.432138,42400
2017-05-01,33.250000,33.360001,33.180000,33.299999,30.579063,43500
2017-05-02,33.470001,33.619999,33.450001,33.540001,30.799452,50700
2017-05-03,33.490002,33.490002,33.290001,33.349998,30.624989,55000
2017-05-04,33.220001,33.220001,33.049999,33.099998,30.395409,48500
2017-05-05,33.099998,33.099998,33.000000,33.040001,30.340311,74800
2017-05-08,33.099998,33.119999,32.930000,32.930000,30.239300,34800
2017-05-09,33.250000,33.410000,33.250000,33.340000,30.615799,24100
2017-05-10,33.419998,33.500000,33.410000,33.459999,30.725994,23600
2017-05-11,33.580002,33.599998,33.369999,33.500000,30.762728,46800
2017-05-12,33.610001,33.779999,33.610001,33.740002,30.983120,43000
2017-05-15,33.750000,33.900002,33.720001,33.889999,31.120857,48400
2017-05-16,33.849998,33.849998,33.709999,33.779999,31.019842,58400
2017-05-17,33.599998,33.599998,33.330002,33.330002,30.606617,44200
2017-05-18,32.840000,32.959999,32.439999,32.740002,30.064829,142900
2017-05-19,33.080002,33.209999,33.049999,33.060001,30.358677,40200
2017-05-23,32.919998,33.060001,32.889999,33.049999,30.349501,32200
2017-05-24,33.110001,33.110001,32.900002,32.919998,30.230112,53800
2017-05-25,33.139999,33.259998,33.110001,33.230000,30.514786,32600
2017-05-26,33.240002,33.270000,33.200001,33.240002,30.523972,162600
2017-05-29,33.330002,33.330002,33.259998,33.299999,30.579063,12400
2017-05-30,33.279999,33.279999,33.169998,33.220001,30.505604,24200
2017-05-31,33.189999,33.189999,33.040001,33.080002,30.377047,104600
2017-06-01,33.189999,33.369999,33.099998,33.369999,30.643345,31200
2017-06-02,33.419998,33.419998,33.340000,33.380001,30.652534,35900
2017-06-05,33.419998,33.450001,33.320000,33.360001,30.634167,86900
2017-06-06,33.299999,33.380001,33.250000,33.290001,30.569887,29900
2017-06-07,33.270000,33.450001,33.250000,33.439999,30.707626,35000
2017-06-08,33.459999,33.520000,33.410000,33.490002,30.753546,29800
2017-06-09,33.389999,33.410000,33.040001,33.169998,30.459686,87900
2017-06-12,33.060001,33.060001,32.610001,32.700001,30.028090,64900
2017-06-13,32.590000,32.639999,32.509998,32.599998,29.936262,50600
2017-06-14,32.660000,32.759998,32.580002,32.590000,29.927082,43300
2017-06-15,32.340000,32.430000,32.279999,32.430000,29.780155,30000
2017-06-16,32.430000,32.430000,32.299999,32.389999,29.743422,49300
2017-06-19,32.590000,32.650002,32.560001,32.590000,29.927082,17500
2017-06-20,32.590000,32.590000,32.299999,32.310001,29.669962,84100
2017-06-21,32.439999,32.500000,32.360001,32.380001,29.888725,32100
2017-06-22,32.360001,32.400002,32.200001,32.330002,29.842573,33000
2017-06-23,32.509998,32.529999,32.430000,32.480000,29.981030,39900
2017-06-26,32.639999,32.810001,32.639999,32.779999,30.257948,52900
2017-06-27,32.520000,32.520000,32.259998,32.259998,29.777958,54300
2017-06-28,32.240002,32.240002,32.080002,32.119999,29.648727,22600
2017-06-29,32.009998,32.009998,31.559999,31.700001,29.261045,53400
2017-06-30,31.820000,31.910000,31.799999,31.840000,29.390274,26200
2017-07-04,31.990000,31.990000,31.799999,31.840000,29.390274,23400
2017-07-05,31.850000,31.950001,31.750000,31.930000,29.473347,25400
2017-07-06,31.740000,31.740000,31.580000,31.580000,29.150278,49000
2017-07-07,31.490000,31.520000,31.350000,31.430000,29.011820,38100
2017-07-10,31.549999,31.700001,31.549999,31.690001,29.251812,20300
2017-07-11,31.910000,32.020000,31.870001,32.000000,29.537962,16300
2017-07-12,32.430000,32.500000,31.990000,32.119999,29.648727,60700
2017-07-13,32.189999,32.220001,32.099998,32.220001,29.741037,18500
2017-07-14,32.340000,32.389999,32.310001,32.380001,29.888725,12600
2017-07-17,32.209999,32.290001,32.119999,32.279999,29.796421,23600
2017-07-18,32.040001,32.240002,31.990000,32.139999,29.667191,21900
2017-07-19,32.369999,32.410000,32.320000,32.410000,29.916414,17600
2017-07-20,32.400002,32.400002,32.209999,32.330002,29.842573,14600
2017-07-21,32.250000,32.250000,32.040001,32.110001,29.639498,19600
2017-07-24,32.189999,32.189999,32.090000,32.139999,29.667191,17600
2017-07-25,32.189999,32.209999,32.099998,32.099998,29.630264,22200
2017-07-26,32.220001,32.230000,32.119999,32.189999,29.713339,12600
2017-07-27,32.349998,32.410000,32.119999,32.320000,29.833342,39400
2017-07-28,32.099998,32.110001,31.980000,32.110001,29.639498,31600
2017-07-31,32.290001,32.349998,32.209999,32.250000,29.768724,27000
2017-08-01,32.410000,32.590000,32.400002,32.549999,30.045645,42800
2017-08-02,32.639999,32.709999,32.580002,32.700001,30.184103,44700
2017-08-03,32.740002,32.740002,32.540001,32.650002,30.137949,30300
2017-08-04,32.799999,32.889999,32.779999,32.889999,30.359484,24300
2017-08-08,33.250000,33.330002,33.119999,33.150002,30.599483,38100
2017-08-09,33.049999,33.049999,32.939999,33.040001,30.497944,47900
2017-08-10,32.689999,32.689999,32.389999,32.389999,29.897953,67000
2017-08-11,32.380001,32.419998,32.279999,32.360001,29.870264,16800
2017-08-14,32.650002,32.779999,32.630001,32.750000,30.230253,9600
2017-08-15,32.790001,32.799999,32.680000,32.779999,30.257948,11600
2017-08-16,32.939999,32.990002,32.910000,32.910000,30.377951,9200
2017-08-17,32.779999,32.799999,32.540001,32.540001,30.036415,13500
2017-08-18,32.500000,32.610001,32.389999,32.549999,30.045645,22600
2017-08-21,32.580002,32.700001,32.549999,32.619999,30.110260,16900
2017-08-22,32.730000,32.910000,32.730000,32.869999,30.341022,10500
2017-08-23,32.930000,33.009998,32.930000,32.980000,30.442562,7600
2017-08-24,33.110001,33.110001,32.980000,33.020000,30.479483,12300
2017-08-25,33.189999,33.259998,33.119999,33.189999,30.636404,24000
2017-08-28,33.130001,33.200001,33.099998,33.180000,30.627174,13400
2017-08-29,32.950001,33.250000,32.930000,33.209999,30.654869,16500
2017-08-30,33.360001,33.540001,33.349998,33.500000,30.922554,30000
2017-08-31,33.450001,33.450001,33.250000,33.259998,30.701015,20900
2017-09-01,33.189999,33.270000,33.150002,33.240002,30.682556,45700
2017-09-05,33.119999,33.119999,32.830002,32.970001,30.433331,25400
2017-09-06,33.180000,33.180000,32.509998,32.779999,30.257948,77500
2017-09-07,32.709999,32.730000,32.650002,32.660000,30.147186,16600
2017-09-08,32.580002,32.619999,32.480000,32.509998,30.008724,12600
2017-09-11,32.759998,32.869999,32.759998,32.770000,30.248718,22700
2017-09-12,32.830002,32.970001,32.830002,32.930000,30.396408,13700
2017-09-13,32.770000,32.840000,32.740002,32.750000,30.230253,29800
2017-09-14,32.770000,32.830002,32.730000,32.799999,30.276413,74300
2017-09-15,32.790001,33.040001,32.750000,33.009998,30.470253,40100
2017-09-18,33.139999,33.400002,33.110001,33.320000,30.756407,54100
2017-09-19,33.220001,33.240002,33.130001,33.240002,30.682556,46300
2017-09-20,32.889999,32.910000,32.680000,32.900002,30.659266,73000
2017-09-21,33.040001,33.070000,32.939999,32.990002,30.743128,41100
2017-09-22,32.709999,32.810001,32.639999,32.810001,30.575392,21500
2017-09-25,32.480000,32.480000,32.130001,32.279999,30.081488,100700
2017-09-26,32.310001,32.380001,32.230000,32.230000,30.034893,43900
2017-09-27,32.130001,32.389999,31.930000,32.360001,30.156038,121500
2017-09-28,32.240002,32.299999,32.209999,32.270000,30.072166,34200
2017-09-29,32.590000,32.759998,32.529999,32.730000,30.500841,34600
2017-10-02,32.770000,32.849998,32.750000,32.790001,30.556753,58600
2017-10-03,33.070000,33.209999,33.049999,33.209999,30.948151,50600
2017-10-04,33.189999,33.270000,33.180000,33.189999,30.929508,66600
2017-10-05,33.490002,33.750000,33.490002,33.669998,31.376816,65300
2017-10-06,33.430000,33.459999,33.349998,33.450001,31.171806,42100
2017-10-10,33.520000,33.590000,33.480000,33.580002,31.292950,39100
2017-10-11,33.490002,33.610001,33.490002,33.540001,31.255665,77900
2017-10-12,33.590000,33.650002,33.540001,33.570000,31.283625,54900
2017-10-13,33.830002,34.029999,33.830002,33.919998,31.609789,53600
2017-10-16,34.119999,34.150002,34.000000,34.000000,31.684345,56900
2017-10-17,33.939999,33.939999,33.840000,33.840000,31.535240,39900
2017-10-18,33.880001,33.880001,33.689999,33.689999,31.395454,32200
2017-10-19,33.560001,33.560001,33.349998,33.509998,31.227716,26600
2017-10-20,33.889999,34.029999,33.849998,33.990002,31.675024,20800
2017-10-23,33.970001,33.970001,33.770000,33.779999,31.479324,27700
2017-10-24,33.880001,34.040001,33.849998,33.939999,31.628429,38400
2017-10-25,34.000000,34.250000,33.970001,34.180000,31.852087,151100
2017-10-26,34.259998,34.389999,34.220001,34.220001,31.889360,26000
2017-10-27,34.439999,34.570000,34.419998,34.509998,32.159607,65900
2017-10-30,34.419998,34.419998,34.209999,34.209999,31.880045,40900
2017-10-31,34.500000,34.610001,34.490002,34.599998,32.243481,61900
2017-11-01,34.790001,34.900002,34.599998,34.619999,32.262112,51900
2017-11-02,34.610001,34.610001,34.419998,34.540001,32.187561,45900
2017-11-03,34.279999,34.330002,34.070000,34.230000,31.898674,29600
2017-11-06,34.330002,34.490002,34.330002,34.439999,32.094376,33900
2017-11-07,34.619999,34.619999,34.380001,34.380001,32.038467,32200
2017-11-08,34.410000,34.410000,34.310001,34.360001,32.019817,26500
2017-11-09,34.250000,34.250000,33.930000,34.119999,31.796162,31400
2017-11-10,34.160000,34.160000,33.970001,34.000000,31.684345,27200
2017-11-13,33.959999,34.090000,33.919998,34.060001,31.740253,22100
2017-11-14,33.939999,34.020000,33.820000,33.849998,31.544550,96200
2017-11-15,33.810001,33.810001,33.650002,33.660000,31.367504,19200
2017-11-16,34.029999,34.299999,34.029999,34.200001,31.870716,23500
2017-11-17,34.490002,34.580002,34.439999,34.450001,32.103695,22100
2017-11-20,34.450001,34.750000,34.439999,34.720001,32.355309,37100
2017-11-21,35.049999,35.169998,35.040001,35.110001,32.718742,46900
2017-11-22,35.119999,35.119999,34.919998,34.950001,32.569641,28700
2017-11-23,35.070000,35.200001,34.990002,35.189999,32.793293,12100
2017-11-24,34.889999,35.189999,34.820000,35.189999,32.793293,40100
2017-11-27,34.689999,34.689999,34.570000,34.630001,32.271431,36800
2017-11-28,34.939999,35.060001,34.849998,35.000000,32.616241,22800
2017-11-29,34.950001,34.950001,34.549999,34.619999,32.262112,60900
2017-11-30,34.619999,34.619999,34.439999,34.480000,32.131653,30300
2017-12-01,34.029999,34.029999,33.509998,33.660000,31.367504,145900
2017-12-04,34.000000,34.000000,33.750000,33.759998,31.460690,37400
2017-12-05,33.759998,33.869999,33.639999,33.689999,31.395454,38800
2017-12-06,33.279999,33.599998,33.090000,33.529999,31.246349,57100
2017-12-07,33.520000,33.759998,33.500000,33.750000,31.451366,37100
2017-12-08,34.119999,34.160000,34.029999,34.139999,31.814812,40400
2017-12-11,34.310001,34.389999,34.299999,34.369999,32.029137,32800
2017-12-12,34.099998,34.200001,34.000000,34.130001,31.805490,34400
2017-12-13,34.250000,34.480000,34.250000,34.369999,32.029137,67300
2017-12-14,34.410000,34.450001,33.980000,33.990002,31.675024,34600
2017-12-15,34.180000,34.470001,34.080002,34.389999,32.047775,39800
2017-12-18,34.580002,34.799999,34.580002,34.700001,32.336666,44000
2017-12-19,34.830002,34.849998,34.639999,34.650002,32.290073,35300
2017-12-20,34.779999,34.779999,34.599998,34.599998,32.243481,29900
2017-12-21,34.790001,34.790001,34.619999,34.650002,32.290073,20800
2017-12-22,34.840000,34.919998,34.770000,34.900002,32.523048,223400
2017-12-27,34.990002,34.990002,34.630001,34.700001,32.336666,42600
2017-12-28,34.650002,34.730000,34.529999,34.709999,32.457291,30700
2017-12-29,35.000000,35.000000,34.639999,34.720001,32.466652,47500
2018-01-02,35.070000,35.160000,34.959999,35.130001,32.850037,61600
2018-01-03,35.360001,35.599998,35.360001,35.590000,33.280182,66200
2018-01-04,35.759998,35.820000,35.650002,35.669998,33.354988,78700
2018-01-05,35.500000,35.750000,35.430000,35.750000,33.429798,63700
2018-01-08,35.849998,35.849998,35.700001,35.790001,33.467209,74100
2018-01-09,35.799999,35.919998,35.700001,35.880001,33.551365,74400
2018-01-10,35.779999,36.029999,35.650002,35.970001,33.635521,132200
2018-01-11,36.029999,36.150002,35.930000,36.150002,33.803833,50600
2018-01-12,36.220001,36.439999,36.150002,36.360001,34.000214,69400
2018-01-15,36.790001,37.110001,36.400002,36.700001,34.318138,83200
2018-01-16,36.400002,36.400002,36.029999,36.049999,33.710335,122300
2018-01-17,36.360001,36.730000,36.310001,36.580002,34.205936,59000
2018-01-18,36.700001,36.750000,36.580002,36.590000,34.215279,77800
2018-01-19,36.810001,37.200001,36.799999,37.200001,34.785698,57000
2018-01-22,37.200001,37.349998,37.099998,37.349998,34.925949,67100
2018-01-23,37.450001,37.470001,37.320000,37.400002,34.972710,121200
2018-01-24,37.459999,37.529999,37.299999,37.439999,35.010120,119700
2018-01-25,37.410000,37.580002,37.200001,37.430000,35.000767,126400
2018-01-26,37.619999,37.790001,37.540001,37.779999,35.328049,50500
2018-01-29,37.799999,37.799999,37.180000,37.220001,34.804405,100200
2018-01-30,36.849998,36.849998,36.669998,36.750000,34.364899,86400
2018-01-31,37.049999,37.110001,36.770000,36.939999,34.542572,63900
2018-02-01,36.700001,36.740002,36.400002,36.470001,34.103073,106900
2018-02-02,36.310001,36.400002,36.029999,36.049999,33.710335,126200
2018-02-05,36.060001,36.419998,35.099998,35.200001,32.915493,275400
2018-02-06,34.820000,36.380001,34.820000,36.000000,33.663578,110900
2018-02-07,35.680000,35.930000,35.169998,35.169998,32.887440,165700
2018-02-08,35.410000,35.410000,34.139999,34.139999,31.924294,155400
2018-02-09,34.459999,34.730000,33.750000,34.619999,32.373135,151400
2018-02-12,34.980000,35.310001,34.770000,35.070000,32.793930,151200
2018-02-13,35.090000,35.400002,35.090000,35.330002,33.037060,84700
2018-02-14,35.320000,35.900002,35.299999,35.820000,33.495258,104500
2018-02-15,36.380001,36.500000,36.110001,36.389999,34.028263,59600
2018-02-16,36.340000,36.740002,36.330002,36.500000,34.131126,70200
2018-02-20,36.299999,36.459999,36.119999,36.400002,34.037613,218200
2018-02-21,36.680000,37.040001,36.470001,36.490002,34.121769,85800
2018-02-22,36.650002,36.880001,36.570000,36.599998,34.224640,60200
2018-02-23,36.980000,37.049999,36.799999,37.029999,34.626720,36900
2018-02-26,37.220001,37.470001,37.099998,37.430000,35.000767,81500
2018-02-27,37.299999,37.299999,36.700001,36.759998,34.374249,98700
2018-02-28,36.840000,36.900002,36.430000,36.430000,34.065674,39100
2018-03-01,36.599998,36.930000,36.220001,36.389999,34.028263,205000
2018-03-02,36.070000,36.730000,35.980000,36.700001,34.318138,93000
2018-03-05,36.619999,37.139999,36.570000,37.049999,34.645428,41600
2018-03-06,37.259998,37.259998,36.849998,36.889999,34.495815,49500
2018-03-07,36.750000,37.020000,36.730000,36.889999,34.495815,80300
2018-03-08,36.950001,37.029999,36.860001,36.889999,34.495815,26000
2018-03-09,37.029999,37.360001,36.970001,37.349998,34.925949,129500
2018-03-12,37.459999,37.580002,37.340000,37.549999,35.112980,33600
2018-03-13,37.740002,37.860001,37.490002,37.590000,35.150383,54800
2018-03-14,37.639999,37.770000,37.330002,37.540001,35.103630,59100
2018-03-15,37.799999,37.910000,37.590000,37.700001,35.253242,133900
2018-03-16,37.700001,37.759998,37.650002,37.700001,35.253242,33000
2018-03-19,37.520000,37.560001,37.090000,37.240002,34.823097,62100
2018-03-20,37.439999,37.700001,37.439999,37.639999,35.197136,68100
2018-03-21,37.259998,37.459999,37.119999,37.290001,34.869854,128200
2018-03-22,36.630001,36.660000,36.160000,36.160000,33.813190,124400
2018-03-23,36.000000,36.099998,35.480000,35.509998,33.205376,117100
2018-03-26,36.340000,36.490002,35.990002,36.450001,34.141094,69500
2018-03-27,36.490002,36.560001,35.910000,36.029999,33.747696,104000
2018-03-28,35.970001,35.970001,35.590000,35.869999,33.597836,61400
2018-03-29,35.970001,36.509998,35.970001,36.410000,34.103634,33500
2018-04-02,36.160000,36.330002,35.669998,35.930000,33.654034,85700
2018-04-03,36.029999,36.080002,35.700001,35.980000,33.700863,52300
2018-04-04,35.240002,36.020000,35.189999,36.020000,33.738327,40700
2018-04-05,36.220001,36.299999,35.970001,36.040001,33.757069,28700
2018-04-06,35.720001,35.880001,35.299999,35.450001,33.204437,105500
2018-04-09,35.669998,35.669998,35.259998,35.259998,33.026474,52100
2018-04-10,35.590000,35.630001,35.340000,35.590000,33.335567,63400
2018-04-11,35.500000,35.630001,35.439999,35.540001,33.288738,33200
2018-04-12,35.680000,35.770000,35.540001,35.599998,33.344936,41200
2018-04-13,35.570000,35.570000,35.200001,35.279999,33.045212,46900
2018-04-16,35.230000,35.230000,35.049999,35.209999,32.979641,37800
2018-04-17,35.110001,35.259998,35.000000,35.189999,32.960903,38400
2018-04-18,35.320000,35.730000,35.290001,35.639999,33.382401,22900
2018-04-19,35.680000,35.680000,35.400002,35.549999,33.298111,29500
2018-04-20,35.549999,35.549999,35.250000,35.389999,33.148235,37400
2018-04-23,35.509998,35.599998,35.310001,35.410000,33.166977,35400
2018-04-24,35.720001,35.720001,35.090000,35.139999,32.914070,66300
2018-04-25,35.110001,35.110001,34.889999,34.990002,32.773579,65400
2018-04-26,35.060001,35.459999,35.049999,35.459999,33.213799,21700
2018-04-27,35.520000,35.520000,35.310001,35.509998,33.260639,42200
2018-04-30,35.680000,35.680000,35.270000,35.270000,33.035843,44400
2018-05-01,35.150002,35.150002,34.820000,35.130001,32.904709,39400
2018-05-02,35.169998,35.240002,34.939999,34.939999,32.726742,22300
2018-05-03,34.930000,34.930000,34.480000,34.779999,32.576878,69600
2018-05-04,34.700001,35.070000,34.599998,34.959999,32.745476,50600
2018-05-07,34.900002,35.029999,34.779999,34.950001,32.736111,60800
2018-05-08,35.200001,35.310001,35.040001,35.299999,33.063938,52300
2018-05-09,35.299999,35.299999,34.880001,35.080002,32.857880,33500
2018-05-10,35.240002,35.619999,35.209999,35.520000,33.270000,51900
2018-05-11,35.730000,35.730000,35.419998,35.459999,33.213799,54700
2018-05-14,35.610001,35.770000,35.590000,35.590000,33.335567,32900
2018-05-15,35.310001,35.310001,35.060001,35.099998,32.876610,47300
2018-05-16,35.169998,35.480000,35.169998,35.400002,33.157604,68400
2018-05-17,35.080002,35.139999,34.849998,34.919998,32.708004,50400
2018-05-18,34.880001,34.919998,34.750000,34.840000,32.633076,37800
2018-05-22,34.900002,35.049999,34.880001,35.000000,32.782948,49900
2018-05-23,34.730000,34.959999,34.680000,34.889999,32.679905,42100
2018-05-24,34.930000,34.930000,34.619999,34.930000,32.717373,51600
2018-05-25,35.090000,35.270000,35.090000,35.250000,33.017101,33000
2018-05-28,35.020000,35.400002,35.000000,35.369999,33.129501,21100
2018-05-29,34.939999,34.959999,34.439999,34.580002,32.389549,99600
2018-05-30,34.540001,34.610001,34.130001,34.509998,32.323982,86500
2018-05-31,34.529999,34.900002,34.529999,34.810001,32.604977,32100
2018-06-01,34.959999,35.209999,34.959999,35.139999,32.914070,58200
2018-06-04,35.299999,35.480000,35.299999,35.450001,33.204437,56800
2018-06-05,35.500000,35.660000,35.250000,35.279999,33.045212,57300
2018-06-06,35.209999,35.689999,35.209999,35.689999,33.429237,44500
2018-06-07,35.639999,35.639999,35.040001,35.220001,32.989006,63000
2018-06-08,35.180000,35.180000,34.930000,35.110001,32.885971,116000
2018-06-11,35.250000,35.340000,35.139999,35.169998,32.942173,31000
2018-06-12,35.169998,35.270000,35.110001,35.240002,33.007744,49800
2018-06-13,35.330002,35.330002,34.880001,34.880001,32.670544,65400
2018-06-14,35.009998,35.169998,34.980000,34.990002,32.773579,39300
2018-06-15,34.910000,35.060001,34.790001,35.049999,32.829777,70700
2018-06-18,34.700001,34.709999,34.439999,34.650002,32.455112,53500
2018-06-19,34.290001,34.540001,34.150002,34.509998,32.323982,110200
2018-06-20,34.689999,34.810001,34.590000,34.709999,32.511311,45500
2018-06-21,34.480000,34.529999,34.099998,34.119999,31.958679,84800
2018-06-22,34.369999,34.410000,34.150002,34.160000,32.167740,47300
2018-06-25,33.919998,33.919998,33.490002,33.770000,31.800489,135100
2018-06-26,33.820000,33.840000,33.580002,33.689999,31.725153,54000
2018-06-27,33.560001,33.560001,32.900002,33.090000,31.160141,123400
2018-06-28,32.869999,33.110001,32.740002,33.110001,31.178974,133300
2018-06-29,33.349998,33.480000,33.240002,33.349998,31.404984,55800
2018-07-03,33.340000,33.340000,32.950001,33.020000,31.094223,61900
2018-07-04,33.299999,33.299999,33.029999,33.200001,31.263721,14500
2018-07-05,33.189999,33.220001,32.790001,32.950001,31.028309,101900
2018-07-06,33.009998,33.389999,32.990002,33.310001,31.367310,68300
2018-07-09,33.700001,33.950001,33.540001,33.950001,31.969988,45100
2018-07-10,33.950001,33.959999,33.650002,33.869999,31.894655,65700
2018-07-11,33.509998,33.549999,33.320000,33.509998,31.555645,77400
2018-07-12,33.820000,33.939999,33.740002,33.849998,31.875811,39400
2018-07-13,33.860001,33.939999,33.799999,33.840000,31.866400,26500
2018-07-16,33.669998,33.680000,33.480000,33.619999,31.659235,53300
2018-07-17,33.639999,34.099998,33.570000,34.020000,32.035900,36100
2018-07-18,34.009998,34.009998,33.849998,33.939999,31.960571,43100
2018-07-19,33.619999,33.830002,33.529999,33.810001,31.838150,111100
2018-07-20,33.770000,33.959999,33.720001,33.869999,31.894655,110500
2018-07-23,33.860001,33.869999,33.759998,33.840000,31.866400,36200
2018-07-24,34.389999,34.500000,34.270000,34.349998,32.346653,74200
2018-07-25,34.430000,34.599998,34.380001,34.590000,32.572662,75400
2018-07-26,34.369999,34.450001,34.250000,34.310001,32.308994,37100
2018-07-27,34.509998,34.560001,34.200001,34.360001,32.356071,61500
2018-07-30,34.360001,34.400002,34.139999,34.230000,32.233658,43000
2018-07-31,34.270000,34.380001,34.169998,34.330002,32.327827,53700
2018-08-01,34.080002,34.160000,33.930000,34.040001,32.054737,54700
2018-08-02,33.520000,33.720001,33.410000,33.689999,31.725153,44800
2018-08-03,33.720001,33.860001,33.680000,33.810001,31.838150,60600
2018-08-07,33.970001,34.200001,33.939999,34.040001,32.054737,35800
2018-08-08,33.980000,34.060001,33.900002,33.900002,31.922911,39500
2018-08-09,34.009998,34.090000,33.889999,33.910000,31.932320,29500
2018-08-10,33.400002,33.500000,33.279999,33.439999,31.489729,91800
2018-08-13,33.169998,33.169998,32.869999,32.970001,31.047142,65000
2018-08-14,32.910000,33.020000,32.830002,32.939999,31.018890,84900
2018-08-15,32.419998,32.419998,31.930000,32.130001,30.256132,61200
2018-08-16,32.459999,32.630001,32.400002,32.410000,30.519798,67900
2018-08-17,32.080002,32.500000,31.980000,32.480000,30.585716,69800
2018-08-20,32.520000,32.590000,32.470001,32.560001,30.661055,40900
2018-08-21,32.799999,32.980000,32.790001,32.889999,30.971804,55800
2018-08-22,32.840000,33.040001,32.840000,32.990002,31.065973,49500
2018-08-23,33.009998,33.119999,32.689999,32.689999,30.783468,36300
2018-08-24,32.990002,33.090000,32.930000,33.060001,31.131891,44700
2018-08-27,33.389999,33.610001,33.389999,33.389999,31.442648,39600
2018-08-28,33.299999,33.369999,33.110001,33.180000,31.244896,38600
2018-08-29,33.139999,33.360001,33.080002,33.299999,31.357891,47600
2018-08-30,33.209999,33.209999,32.509998,32.580002,30.679884,66300
2018-08-31,32.750000,33.040001,32.720001,32.970001,31.047142,40200
2018-09-04,32.810001,32.810001,32.490002,32.540001,30.642221,44600
2018-09-05,32.209999,32.299999,32.110001,32.189999,30.312632,42500
2018-09-06,32.220001,32.320000,31.990000,32.099998,30.227879,90700
2018-09-07,32.029999,32.240002,31.969999,32.080002,30.209053,49500
2018-09-10,31.930000,31.930000,31.580000,31.660000,29.813543,54300
2018-09-11,31.389999,31.570000,31.240000,31.570000,29.728790,35400
2018-09-12,31.330000,31.650000,31.120001,31.510000,29.672293,74400
2018-09-13,31.920000,32.090000,31.860001,31.900000,30.039545,34700
2018-09-14,32.060001,32.119999,31.799999,31.940001,30.077215,69900
2018-09-17,31.690001,31.760000,31.620001,31.650000,29.804129,32100
2018-09-18,31.709999,31.910000,31.709999,31.799999,29.945375,52100
2018-09-19,32.000000,32.180000,32.000000,32.080002,30.209053,62900
2018-09-20,32.259998,32.360001,32.099998,32.320000,30.435049,34800
2018-09-21,32.439999,32.540001,32.369999,32.480000,30.585716,36800
2018-09-24,32.119999,32.180000,32.040001,32.139999,30.265547,48800
2018-09-25,32.259998,32.340000,32.169998,32.330002,30.444469,62700
2018-09-26,31.980000,32.430000,31.980000,32.160000,30.583305,120900
2018-09-27,32.380001,32.490002,32.290001,32.349998,30.763996,61500
2018-09-28,32.009998,32.060001,31.790001,31.840000,30.278999,75200
2018-10-01,31.799999,31.799999,31.570000,31.610001,30.060274,63800
2018-10-02,31.370001,31.440001,31.250000,31.330000,29.794001,40900
2018-10-03,31.500000,31.580000,31.080000,31.170000,29.641846,49600
2018-10-04,30.980000,30.980000,30.490000,30.610001,29.109301,78900
2018-10-05,30.580000,30.590000,30.260000,30.500000,29.004694,39200
2018-10-09,30.450001,30.620001,30.350000,30.490000,28.995182,65900
2018-10-10,30.360001,30.400000,29.860001,29.860001,28.396072,138700
2018-10-11,29.639999,29.930000,29.309999,29.610001,28.158329,217200
2018-10-12,30.250000,30.400000,29.990000,30.330000,28.843029,69800
2018-10-15,30.080000,30.120001,29.879999,29.950001,28.481659,39500
2018-10-16,30.170000,30.559999,30.139999,30.540001,29.042732,50300
2018-10-17,30.440001,30.440001,30.120001,30.280001,28.795483,45900
2018-10-18,30.120001,30.120001,29.600000,29.639999,28.186853,41700
2018-10-19,30.090000,30.270000,29.950001,29.990000,28.519697,77600
2018-10-22,30.500000,30.580000,30.270000,30.330000,28.843029,179900
2018-10-23,29.639999,30.129999,29.530001,29.990000,28.519697,129500
2018-10-24,29.910000,29.910000,29.040001,29.040001,27.616274,78500
2018-10-25,29.420000,29.809999,29.360001,29.600000,28.148817,76400
2018-10-26,29.280001,29.590000,29.090000,29.440001,27.996662,65400
2018-10-29,29.700001,29.730000,28.740000,28.990000,27.568724,100500
2018-10-30,29.139999,29.510000,29.110001,29.500000,28.053719,85800
2018-10-31,29.879999,30.059999,29.750000,29.950001,28.481659,65000
2018-11-01,30.200001,30.870001,30.100000,30.870001,29.356554,78300
2018-11-02,31.260000,31.350000,30.709999,30.990000,29.470669,163900
2018-11-05,30.959999,31.150000,30.950001,31.139999,29.613316,19200
2018-11-06,31.040001,31.110001,30.969999,31.080000,29.556259,12800
2018-11-07,31.370001,31.650000,31.190001,31.610001,30.060274,25300
2018-11-08,31.230000,31.260000,30.879999,30.950001,29.432632,30100
2018-11-09,30.600000,30.600000,30.330000,30.540001,29.042732,24200
2018-11-12,30.430000,30.440001,30.070000,30.209999,28.728910,11300
2018-11-13,30.500000,30.799999,30.480000,30.559999,29.061750,23400
2018-11-14,30.809999,30.870001,30.549999,30.750000,29.242435,51400
2018-11-15,30.860001,31.360001,30.860001,31.270000,29.736944,12600
2018-11-16,30.850000,31.420000,30.850000,31.350000,29.813021,13800
2018-11-19,31.190001,31.200001,30.920000,30.950001,29.432632,39200
2018-11-20,30.600000,30.719999,30.469999,30.629999,29.128317,31800
2018-11-21,31.100000,31.330000,31.030001,31.070000,29.546747,45400
2018-11-22,31.370001,31.370001,30.580000,30.930000,29.413612,69800
2018-11-23,30.690001,30.790001,30.440001,30.650000,29.147337,24900
2018-11-26,30.940001,31.049999,30.850000,30.959999,29.442141,62800
2018-11-27,30.889999,31.260000,30.870001,31.260000,29.727434,34400
2018-11-28,31.540001,31.900000,31.379999,31.900000,30.336058,106000
2018-11-29,31.740000,31.879999,31.620001,31.719999,30.164883,65600
2018-11-30,31.709999,31.740000,31.610001,31.719999,30.164883,57800
2018-12-03,32.130001,32.220001,31.959999,32.130001,30.554783,73400
2018-12-04,32.169998,32.200001,31.600000,31.629999,30.079294,67400
2018-12-05,31.820000,32.330002,31.820000,32.330002,30.744978,16600
2018-12-06,31.219999,31.660000,31.059999,31.660000,30.107824,75700
2018-12-07,31.400000,31.530001,30.820000,30.920000,29.404102,38100
2018-12-10,30.809999,30.830000,30.370001,30.799999,29.289984,56200
2018-12-11,31.200001,31.240000,30.870001,31.070000,29.546747,33000
2018-12-12,31.500000,31.650000,31.440001,31.440001,29.898609,42300
2018-12-13,31.530001,31.620001,31.420000,31.500000,29.955669,41600
2018-12-14,31.180000,31.360001,31.120001,31.170000,29.641846,106700
2018-12-17,31.150000,31.230000,30.799999,30.879999,29.366062,52400
2018-12-18,31.120001,31.379999,31.059999,31.200001,29.670376,127500
2018-12-19,31.230000,31.440001,30.530001,30.709999,29.204395,170300
2018-12-20,30.940001,31.139999,30.799999,30.969999,29.451651,91900
2018-12-21,31.049999,31.260000,30.750000,30.879999,29.366062,143700
2018-12-24,30.860001,31.000000,30.610001,30.610001,29.109301,65200
2018-12-27,30.889999,31.240000,30.799999,31.209999,29.679880,44300
2018-12-28,31.139999,31.500000,31.030001,31.379999,29.972157,134000
2018-12-31,31.530001,31.600000,31.209999,31.290001,29.886192,131800
2019-01-02,30.940001,31.309999,30.910000,31.299999,29.895742,62000
2019-01-03,30.860001,30.870001,30.530001,30.580000,29.208048,49400
2019-01-04,30.910000,31.430000,30.850000,31.370001,29.962605,74200
2019-01-07,31.309999,31.320000,31.020000,31.139999,29.742924,56200
2019-01-08,31.280001,31.340000,31.040001,31.280001,29.876644,46800
2019-01-09,31.360001,31.709999,31.360001,31.600000,30.182285,59100
2019-01-10,31.530001,31.910000,31.530001,31.889999,30.459274,46600
2019-01-11,31.709999,31.770000,31.629999,31.770000,30.344660,49000
2019-01-14,31.469999,31.670000,31.379999,31.559999,30.144077,75000
2019-01-15,31.629999,31.850000,31.629999,31.700001,30.277800,48200
2019-01-16,31.879999,32.110001,31.879999,32.049999,30.612097,54600
2019-01-17,31.950001,32.279999,31.910000,32.240002,30.793575,38800
2019-01-18,32.320000,32.439999,32.240002,32.400002,30.946394,80200
2019-01-21,32.480000,32.480000,32.299999,32.419998,30.965498,32200
2019-01-22,32.220001,32.230000,31.900000,32.020000,30.583445,50800
2019-01-23,32.330002,32.340000,32.160000,32.310001,30.860430,44700
2019-01-24,32.349998,32.650002,32.349998,32.650002,31.185177,91700
2019-01-25,32.720001,32.779999,32.570000,32.630001,31.166077,63000
2019-01-28,32.330002,32.380001,32.230000,32.349998,30.898636,29200
2019-01-29,32.439999,32.509998,32.389999,32.459999,31.003698,22800
2019-01-30,32.480000,32.750000,32.299999,32.700001,31.232935,73900
2019-01-31,32.810001,33.070000,32.810001,33.040001,31.557680,160700
2019-02-01,32.849998,32.849998,32.599998,32.660000,31.194731,55300
2019-02-04,32.709999,32.900002,32.669998,32.799999,31.328449,36400
2019-02-05,32.919998,33.270000,32.919998,33.220001,31.729609,34100
2019-02-06,33.250000,33.250000,32.950001,32.970001,31.490828,23000
2019-02-07,32.930000,33.070000,32.680000,32.910000,31.433516,73600
2019-02-08,32.680000,32.770000,32.500000,32.730000,31.261589,51600
2019-02-11,32.790001,32.820000,32.630001,32.630001,31.166077,35300
2019-02-12,32.790001,32.869999,32.770000,32.770000,31.299799,34000
2019-02-13,32.880001,32.880001,32.520000,32.580002,31.118322,38000
2019-02-14,32.529999,32.799999,32.509998,32.730000,31.261589,52000
2019-02-15,32.650002,32.680000,32.490002,32.529999,31.070562,45500
2019-02-19,32.549999,32.860001,32.549999,32.799999,31.328449,38600
2019-02-20,32.930000,33.070000,32.830002,32.889999,31.414410,51400
2019-02-21,32.880001,32.919998,32.700001,32.910000,31.433516,100700
2019-02-22,33.119999,33.290001,33.009998,33.119999,31.634089,38300
2019-02-25,33.509998,33.750000,33.509998,33.660000,32.149868,57500
2019-02-26,33.570000,33.610001,33.500000,33.509998,32.006596,39800
2019-02-27,33.279999,33.279999,33.099998,33.200001,31.710501,66800
2019-02-28,33.189999,33.189999,32.889999,32.970001,31.490828,59700
2019-03-01,33.369999,33.380001,33.220001,33.330002,31.834671,52300
2019-03-04,33.580002,33.610001,33.270000,33.500000,31.997044,47400
2019-03-05,33.740002,34.040001,33.740002,34.000000,32.474613,58000
2019-03-06,34.090000,34.230000,34.000000,34.029999,32.503265,22600
2019-03-07,33.860001,33.860001,33.470001,33.520000,32.016151,63400
2019-03-08,33.130001,33.240002,33.040001,33.180000,31.691397,68700
2019-03-11,33.580002,33.900002,33.570000,33.840000,32.321785,30700
2019-03-12,33.990002,34.000000,33.869999,33.869999,32.350437,25100
2019-03-13,33.869999,33.900002,33.740002,33.750000,32.235825,48100
2019-03-14,33.810001,33.810001,33.580002,33.689999,32.178520,13700
2019-03-15,34.009998,34.200001,34.009998,34.160000,32.627430,32600
2019-03-18,34.470001,34.599998,34.419998,34.570000,33.019039,45400
2019-03-19,34.430000,34.570000,34.330002,34.470001,32.923523,28200
2019-03-20,34.369999,34.669998,34.230000,34.459999,32.913971,52200
2019-03-21,34.419998,34.700001,34.369999,34.700001,33.143204,36700
2019-03-22,34.290001,34.299999,33.779999,33.830002,32.312237,47500
2019-03-25,33.759998,33.919998,33.720001,33.790001,32.352455,40600
2019-03-26,33.860001,33.950001,33.730000,33.810001,32.371605,34500
2019-03-27,33.810001,33.820000,33.549999,33.580002,32.151394,46100
2019-03-28,33.759998,33.939999,33.630001,33.900002,32.457775,24900
2019-03-29,34.080002,34.169998,33.959999,34.110001,32.658833,25400
2019-04-01,34.470001,34.599998,34.450001,34.549999,33.080120,56600
2019-04-02,34.580002,34.590000,34.480000,34.480000,33.013096,22700
2019-04-03,34.709999,34.860001,34.639999,34.680000,33.204586,27100
2019-04-04,34.750000,34.970001,34.709999,34.919998,33.434376,25600
2019-04-05,35.130001,35.320000,35.119999,35.270000,33.769485,30900
2019-04-08,35.060001,35.119999,35.000000,35.060001,33.568420,28100
2019-04-09,35.060001,35.139999,35.029999,35.070000,33.577995,33200
2019-04-10,35.279999,35.279999,35.189999,35.209999,33.712036,21500
2019-04-11,35.139999,35.139999,34.889999,34.930000,33.443958,30400
2019-04-12,35.099998,35.130001,34.990002,35.020000,33.530125,34100
2019-04-15,34.959999,34.959999,34.720001,34.959999,33.472675,28100
2019-04-16,35.119999,35.230000,35.119999,35.189999,33.692890,24300
2019-04-17,35.270000,35.330002,35.180000,35.240002,33.740765,22100
2019-04-18,35.330002,35.490002,35.230000,35.410000,33.903530,144500
2019-04-22,35.099998,35.139999,35.009998,35.119999,33.625866,56200
2019-04-23,35.209999,35.439999,35.169998,35.410000,33.903530,26700
2019-04-24,35.340000,35.340000,35.070000,35.160000,33.664169,22200
2019-04-25,34.990002,35.110001,34.869999,35.090000,33.597141,43200
2019-04-26,35.139999,35.200001,35.000000,35.150002,33.654594,60100
2019-04-29,35.209999,35.209999,35.060001,35.090000,33.597141,33200
2019-04-30,35.080002,35.080002,34.889999,34.970001,33.482250,23000
2019-05-01,35.040001,35.259998,34.840000,34.889999,33.405655,55700
2019-05-02,35.000000,35.070000,34.919998,34.990002,33.501396,15800
2019-05-03,35.220001,35.340000,35.220001,35.330002,33.826935,185300
2019-05-06,34.459999,34.639999,34.360001,34.590000,33.118412,43700
2019-05-07,34.389999,34.389999,33.880001,34.049999,32.601387,39100
2019-05-08,34.070000,34.200001,33.980000,33.990002,32.543945,28100
2019-05-09,33.430000,33.660000,33.150002,33.470001,32.046066,56600
2019-05-10,33.410000,33.650002,33.180000,33.599998,32.170532,32500
2019-05-13,32.860001,32.950001,32.500000,32.630001,31.241800,78900
2019-05-14,32.990002,33.160000,32.970001,33.049999,31.643929,44400
2019-05-15,32.950001,33.130001,32.889999,33.049999,31.643929,51800
2019-05-16,33.070000,33.279999,33.049999,33.049999,31.643929,37900
2019-05-17,32.700001,32.740002,32.400002,32.470001,31.088614,40200
2019-05-21,32.419998,32.610001,32.389999,32.580002,31.193930,20400
2019-05-22,32.540001,33.000000,32.470001,32.549999,31.165205,44700
2019-05-23,32.230000,32.290001,32.110001,32.200001,30.830095,45000
2019-05-24,32.410000,32.439999,32.160000,32.160000,30.791798,16400
2019-05-27,32.110001,32.669998,32.110001,32.330002,30.954569,16400
2019-05-28,32.560001,32.619999,32.400002,32.439999,31.059879,18800
2019-05-29,32.439999,32.750000,32.400002,32.750000,31.356693,38100
2019-05-30,32.709999,32.939999,32.709999,32.860001,31.462017,12800
2019-05-31,32.820000,33.049999,32.810001,33.020000,31.615213,13900
2019-06-03,33.169998,33.240002,32.950001,33.040001,31.634359,42100
2019-06-04,32.849998,32.950001,32.790001,32.930000,31.529039,32100
2019-06-05,32.939999,32.939999,32.619999,32.759998,31.366266,15300
2019-06-06,32.669998,32.669998,32.490002,32.610001,31.222656,18800
2019-06-07,32.650002,32.869999,32.619999,32.650002,31.260956,22600
2019-06-10,32.990002,33.020000,32.830002,32.900002,31.500319,21200
2019-06-11,33.220001,33.360001,33.220001,33.290001,31.873722,26000
2019-06-12,33.060001,33.099998,32.990002,33.080002,31.672661,24800
2019-06-13,33.110001,33.160000,32.990002,33.029999,31.624783,21600
2019-06-14,32.939999,32.950001,32.880001,32.900002,31.500319,36200
2019-06-17,32.790001,32.810001,32.700001,32.770000,31.551346,11800
2019-06-18,33.099998,33.500000,33.099998,33.450001,32.206059,13500
2019-06-19,33.459999,33.610001,33.349998,33.459999,32.215683,35000
2019-06-20,33.880001,33.900002,33.619999,33.740002,32.485275,27200
2019-06-21,33.680000,33.740002,33.599998,33.619999,32.369736,15600
2019-06-24,33.619999,33.669998,33.540001,33.560001,32.311970,19700
2019-06-25,33.349998,33.369999,33.160000,33.169998,31.936466,22400
2019-06-26,33.349998,33.459999,33.349998,33.369999,32.129028,33000
2019-06-27,33.490002,33.540001,33.439999,33.540001,32.292709,14900
2019-06-28,33.549999,33.549999,33.369999,33.430000,32.186798,15700
2019-07-02,34.020000,34.060001,33.849998,33.950001,32.687466,37800
2019-07-03,33.750000,33.889999,33.750000,33.820000,32.562298,24900
2019-07-04,33.980000,34.000000,33.860001,33.939999,32.677834,14500
2019-07-05,33.720001,33.779999,33.619999,33.619999,32.369736,21900
2019-07-08,33.520000,33.599998,33.439999,33.570000,32.321590,19300
2019-07-09,33.389999,33.580002,33.389999,33.580002,32.331226,16600
2019-07-10,33.770000,33.900002,33.660000,33.689999,32.437130,20200
2019-07-11,33.759998,33.759998,33.540001,33.540001,32.292709,14200
2019-07-12,33.500000,33.540001,33.419998,33.490002,32.244572,37200
2019-07-15,33.580002,33.700001,33.580002,33.689999,32.437130,22300
2019-07-16,33.650002,33.740002,33.639999,33.689999,32.437130,14900
2019-07-17,33.689999,33.700001,33.529999,33.529999,32.283081,18600
2019-07-18,33.549999,33.740002,33.549999,33.700001,32.446762,13800
2019-07-19,33.849998,33.849998,33.529999,33.529999,32.283081,19000
2019-07-22,33.689999,33.740002,33.639999,33.639999,32.388992,18100
2019-07-23,33.820000,33.820000,33.610001,33.730000,32.475643,18800
2019-07-24,33.759998,33.840000,33.750000,33.840000,32.581551,19100
2019-07-25,33.790001,33.790001,33.590000,33.650002,32.398621,15300
2019-07-26,33.830002,33.869999,33.709999,33.750000,32.494904,21800
2019-07-29,33.660000,33.720001,33.570000,33.700001,32.446762,14600
2019-07-30,33.480000,33.480000,33.330002,33.380001,32.138668,11900
2019-07-31,33.340000,33.340000,32.830002,33.160000,31.926840,51300
2019-08-01,33.279999,33.380001,32.480000,32.480000,31.272131,69400
2019-08-02,32.549999,32.590000,32.189999,32.209999,31.012167,22700
2019-08-06,31.799999,31.799999,31.469999,31.750000,30.569277,65800
2019-08-07,31.600000,31.980000,31.500000,31.969999,30.781094,48900
2019-08-08,32.119999,32.220001,32.090000,32.189999,30.992914,26300
2019-08-09,31.980000,31.980000,31.740000,31.809999,30.627041,41100
2019-08-12,31.459999,31.610001,31.400000,31.520000,30.347830,50400
2019-08-13,31.420000,31.990000,31.379999,31.850000,30.665558,23700
2019-08-14,31.500000,31.530001,31.219999,31.230000,30.068613,46800
2019-08-15,31.440001,31.549999,31.280001,31.420000,30.251547,23300
2019-08-16,31.690001,31.760000,31.639999,31.700001,30.521135,22100
2019-08-19,32.049999,32.070000,31.920000,31.969999,30.781094,38000
2019-08-20,32.060001,32.099998,31.959999,31.959999,30.771465,15400
2019-08-21,32.099998,32.169998,32.040001,32.169998,30.973652,14100
2019-08-22,31.950001,31.990000,31.799999,31.830000,30.646299,18800
2019-08-23,31.760000,31.990000,31.330000,31.360001,30.193781,42600
2019-08-26,31.570000,31.660000,31.430000,31.459999,30.290058,29600
2019-08-27,31.629999,31.700001,31.559999,31.629999,30.453737,15900
2019-08-28,31.530001,31.770000,31.530001,31.719999,30.540390,13000
2019-08-29,31.950001,32.090000,31.889999,32.040001,30.848494,17200
2019-08-30,32.209999,32.320000,32.150002,32.310001,31.108452,26800
2019-09-03,32.090000,32.209999,32.090000,32.189999,30.992914,27500
2019-09-04,32.549999,32.610001,32.400002,32.450001,31.243242,23200
2019-09-05,32.740002,32.779999,32.689999,32.720001,31.503206,34900
2019-09-06,32.740002,32.779999,32.660000,32.700001,31.483946,13500
2019-09-09,32.709999,32.810001,32.669998,32.750000,31.532091,17600
2019-09-10,32.740002,32.750000,32.599998,32.689999,31.474318,17600
2019-09-11,32.810001,33.099998,32.810001,33.090000,31.859442,29800
2019-09-12,33.270000,33.410000,33.180000,33.360001,32.119404,45800
2019-09-13,33.549999,33.689999,33.549999,33.660000,32.408245,14300
2019-09-16,33.340000,33.480000,33.270000,33.320000,32.080891,18300
2019-09-17,33.099998,33.349998,33.099998,33.340000,32.100147,27400
2019-09-18,33.310001,33.340000,33.119999,33.240002,32.003864,15400
2019-09-19,33.180000,33.270000,33.020000,33.029999,31.801676,11300
2019-09-20,33.400002,33.400002,33.009998,33.139999,31.907583,13700
2019-09-23,33.099998,33.189999,33.040001,33.130001,31.897957,31400
2019-09-24,32.759998,32.759998,32.349998,32.380001,31.486628,44000
2019-09-25,32.299999,32.470001,32.180000,32.439999,31.544971,22300
2019-09-26,32.450001,32.459999,32.340000,32.439999,31.544971,25200
2019-09-27,32.430000,32.430000,31.860001,31.950001,31.068491,63200
2019-09-30,32.180000,32.240002,32.080002,32.090000,31.204628,16700
2019-10-01,32.200001,32.200001,31.790001,31.790001,30.912907,44400
2019-10-02,31.719999,31.900000,31.719999,31.860001,30.980976,40400
2019-10-03,32.009998,32.259998,31.950001,32.259998,31.369934,35500
2019-10-04,32.259998,32.419998,32.139999,32.380001,31.486628,57700
2019-10-07,32.160000,32.320000,32.130001,32.160000,31.272699,14700
2019-10-08,32.009998,32.049999,31.889999,31.910000,31.029594,25700
2019-10-09,32.169998,32.259998,32.150002,32.160000,31.272699,19900
2019-10-10,32.230000,32.500000,32.230000,32.419998,31.525522,31700
2019-10-11,32.590000,32.810001,32.570000,32.650002,31.749178,31700
2019-10-15,32.660000,32.860001,32.660000,32.770000,31.865870,28000
2019-10-16,32.750000,32.880001,32.750000,32.880001,31.972834,16700
2019-10-17,33.029999,33.029999,32.799999,32.799999,31.895037,99900
2019-10-18,32.790001,32.869999,32.650002,32.660000,31.758904,18700
2019-10-21,32.730000,32.799999,32.680000,32.799999,31.895037,16100
2019-10-22,32.820000,32.919998,32.790001,32.799999,31.895037,13800
2019-10-23,32.740002,32.810001,32.720001,32.799999,31.895037,14500
2019-10-24,32.919998,32.919998,32.790001,32.820000,31.914484,6600
2019-10-25,32.730000,33.000000,32.730000,32.959999,32.050625,8500
2019-10-28,33.090000,33.250000,33.090000,33.169998,32.254829,34500
2019-10-29,33.040001,33.090000,32.970001,33.090000,32.177036,13700
2019-10-30,33.020000,33.389999,32.950001,33.389999,32.468761,33300
2019-10-31,33.290001,33.290001,33.040001,33.060001,32.147869,13700
2019-11-01,33.500000,33.570000,33.480000,33.570000,32.643791,21900
2019-11-04,33.950001,34.000000,33.830002,33.880001,32.945244,34600
2019-11-05,33.980000,34.029999,33.900002,34.020000,33.081379,17600
2019-11-06,33.990002,34.110001,33.950001,34.029999,33.091103,19900
2019-11-07,34.200001,34.380001,34.200001,34.220001,33.275864,34000
2019-11-08,34.169998,34.169998,34.009998,34.060001,33.120277,8900
2019-11-11,33.740002,33.880001,33.680000,33.869999,32.935516,13900
2019-11-12,33.779999,33.790001,33.590000,33.660000,32.731312,20300
2019-11-13,33.430000,33.500000,33.380001,33.490002,32.566006,16400
2019-11-14,33.459999,33.570000,33.349998,33.430000,32.507656,10600
2019-11-15,33.700001,33.700001,33.580002,33.630001,32.702141,27000
2019-11-18,33.650002,33.680000,33.549999,33.560001,32.634075,28700
2019-11-19,33.849998,33.869999,33.700001,33.820000,32.886898,38700
2019-11-20,33.830002,33.959999,33.750000,33.799999,32.867447,37900
2019-11-21,33.750000,33.759998,33.630001,33.750000,32.818832,17200
2019-11-22,33.759998,33.770000,33.700001,33.750000,32.818832,19300
2019-11-25,33.980000,34.110001,33.959999,34.070000,33.130001,19600
2019-11-26,33.950001,33.950001,33.700001,33.900002,32.964691,27000
2019-11-27,33.880001,33.980000,33.820000,33.980000,33.042484,9900
2019-11-28,33.990002,34.080002,33.900002,33.900002,32.964691,7400
2019-11-29,33.709999,33.970001,33.540001,33.660000,32.731312,30300
2019-12-02,33.700001,33.700001,33.540001,33.619999,32.692417,36400
2019-12-03,33.400002,33.470001,33.310001,33.470001,32.546562,32300
2019-12-04,33.700001,33.720001,33.540001,33.540001,32.614624,7400
2019-12-05,33.500000,33.689999,33.500000,33.669998,32.741035,26300
2019-12-06,34.000000,34.040001,33.939999,34.029999,33.091103,12900
2019-12-09,33.980000,34.029999,33.790001,33.790001,32.857727,20300
2019-12-10,33.840000,33.950001,33.830002,33.889999,32.954964,13000
2019-12-11,34.080002,34.200001,34.049999,34.180000,33.236965,34900
2019-12-12,34.250000,34.709999,34.250000,34.669998,33.713448,54200
2019-12-13,34.720001,34.889999,34.660000,34.669998,33.713448,43100
2019-12-16,34.779999,34.930000,34.779999,34.849998,33.888481,21600
2019-12-17,35.090000,35.180000,35.049999,35.139999,34.170479,24900
2019-12-18,35.189999,35.220001,35.099998,35.180000,34.209373,35000
2019-12-19,35.119999,35.250000,35.099998,35.250000,34.277447,18400
2019-12-20,35.349998,35.380001,35.320000,35.340000,34.364964,49900
2019-12-23,35.410000,35.410000,35.279999,35.299999,34.326065,34000
2019-12-24,35.369999,35.369999,35.299999,35.330002,34.355240,10100
2019-12-27,35.369999,35.549999,35.369999,35.389999,34.413578,38700
2019-12-30,35.209999,35.209999,34.849998,34.889999,34.267242,20400
2019-12-31,34.759998,34.790001,34.580002,34.790001,34.169025,24300
2020-01-02,35.200001,35.549999,35.200001,35.549999,34.915462,43900
2020-01-03,35.070000,35.180000,34.950001,34.950001,34.326168,35100
2020-01-06,34.689999,34.810001,34.680000,34.810001,34.188671,30600
2020-01-07,34.910000,34.970001,34.820000,34.900002,34.277061,28200
2020-01-08,34.880001,35.290001,34.830002,35.130001,34.502956,48500
2020-01-09,35.459999,35.509998,35.380001,35.410000,34.777958,27900
2020-01-10,35.549999,35.639999,35.500000,35.560001,34.925282,23100
2020-01-13,35.759998,36.049999,35.720001,36.049999,35.406532,31300
2020-01-14,35.919998,35.919998,35.720001,35.880001,35.239574,47400
2020-01-15,35.799999,35.810001,35.549999,35.599998,34.964565,21800
2020-01-16,35.770000,35.849998,35.709999,35.770000,35.131535,21400
2020-01-17,35.900002,36.090000,35.900002,36.080002,35.436001,28300
2020-01-20,36.080002,36.080002,35.820000,35.880001,35.239574,128200
2020-01-21,35.380001,35.380001,35.200001,35.220001,34.591354,57900
2020-01-22,35.470001,35.669998,35.470001,35.610001,34.974388,35600
2020-01-23,35.169998,35.320000,34.939999,35.279999,34.650276,53900
2020-01-24,35.349998,35.349998,34.869999,34.950001,34.326168,43400
2020-01-27,33.840000,34.099998,33.660000,33.959999,33.353840,72300
2020-01-28,34.090000,34.259998,33.970001,34.220001,33.609200,59600
2020-01-29,34.540001,34.549999,34.360001,34.430000,33.815453,57800
2020-01-30,33.810001,33.980000,33.610001,33.950001,33.344021,53600
2020-01-31,33.570000,33.580002,33.279999,33.419998,32.823479,85800
2020-02-03,33.450001,33.880001,33.450001,33.810001,33.206516,56000
2020-02-04,34.590000,34.750000,34.590000,34.619999,34.002056,53200
2020-02-05,35.200001,35.250000,34.759998,34.810001,34.188671,67500
2020-02-06,35.060001,35.060001,34.779999,34.810001,34.188671,45000
2020-02-07,34.580002,34.580002,34.330002,34.340000,33.727055,41900
2020-02-10,34.439999,34.610001,34.439999,34.610001,33.992241,33800
2020-02-11,34.950001,35.110001,34.939999,34.950001,34.326168,44800
2020-02-12,35.150002,35.369999,35.110001,35.340000,34.709209,42000
2020-02-13,35.020000,35.110001,34.880001,34.959999,34.335991,22000
2020-02-14,35.029999,35.029999,34.820000,34.880001,34.257420,16600
2020-02-18,34.759998,34.849998,34.689999,34.770000,34.149384,37100
2020-02-19,34.930000,35.049999,34.930000,34.990002,34.365456,16900
2020-02-20,34.810001,34.830002,34.500000,34.619999,34.002056,50500
2020-02-21,34.590000,34.590000,34.299999,34.369999,33.756519,52300
2020-02-24,33.259998,33.490002,33.110001,33.360001,32.764549,98400
2020-02-25,33.689999,33.759998,33.029999,33.099998,32.509190,176000
2020-02-26,33.459999,33.759998,33.360001,33.360001,32.764549,141600
2020-02-27,33.130001,33.290001,32.610001,33.150002,32.558296,133300
2020-02-28,32.029999,32.730000,31.730000,32.730000,32.145794,498100
2020-03-02,32.580002,33.110001,32.419998,33.110001,32.519012,106600
2020-03-03,33.299999,33.630001,32.810001,33.060001,32.469906,102900
2020-03-04,33.410000,33.599998,33.169998,33.549999,32.951157,51700
2020-03-05,33.220001,33.470001,32.810001,33.000000,32.410973,103800
2020-03-06,32.500000,32.509998,32.020000,32.410000,31.831503,45200
2020-03-09,30.400000,30.870001,30.290001,30.540001,29.994883,160100
2020-03-10,31.879999,32.240002,31.490000,32.240002,31.664543,73500
2020-03-11,31.480000,31.530001,30.740000,30.840000,30.289530,50100
2020-03-12,28.900000,28.900000,27.340000,28.030001,27.529686,161000
2020-03-13,29.059999,29.959999,28.660000,29.799999,29.268093,224800
2020-03-16,27.000000,27.750000,26.500000,26.600000,26.125208,89800
2020-03-17,27.469999,28.639999,27.170000,28.629999,28.118975,57800
2020-03-18,26.889999,27.610001,26.379999,26.770000,26.292175,110900
2020-03-19,26.690001,27.410000,26.299999,27.030001,26.547535,205800
2020-03-20,27.910000,27.910000,26.959999,26.990000,26.508249,221000
2020-03-23,26.500000,26.910000,26.180000,26.629999,26.207108,328200
2020-03-24,27.930000,28.260000,27.780001,28.180000,27.732494,97900
2020-03-25,28.290001,28.959999,28.129999,28.559999,28.106461,219500
2020-03-26,28.600000,29.400000,28.600000,29.360001,28.893757,185100
2020-03-27,28.070000,28.070000,27.600000,27.660000,27.220751,161900
2020-03-30,28.030001,28.379999,27.910000,28.370001,27.919477,116800
2020-03-31,28.700001,29.030001,28.330000,28.350000,27.899794,121600
2020-04-01,27.860001,28.129999,27.629999,27.650000,27.210909,44700
2020-04-02,28.090000,28.379999,28.040001,28.350000,27.899794,51200
2020-04-03,28.260000,28.320000,27.629999,27.770000,27.329004,78300
2020-04-06,28.629999,29.100000,28.629999,29.080000,28.618202,96000
2020-04-07,29.760000,29.770000,28.959999,28.980000,28.519791,595200
2020-04-08,29.209999,29.500000,29.030001,29.430000,28.962645,310500
2020-04-09,29.559999,29.840000,29.219999,29.260000,28.795345,511000
2020-04-13,29.350000,29.350000,29.020000,29.120001,28.657566,332400
2020-04-14,29.799999,29.940001,29.719999,29.770000,29.297245,69500
2020-04-15,29.549999,29.629999,29.450001,29.540001,29.070898,44500
2020-04-16,29.990000,29.990000,29.680000,29.750000,29.277561,60100
2020-04-17,30.320000,30.320000,29.870001,30.020000,29.543276,48000
2020-04-20,29.870001,30.200001,29.870001,30.010000,29.533434,104800
2020-04-21,29.580000,29.590000,29.320000,29.330000,28.864233,48400
2020-04-22,30.000000,30.139999,29.969999,30.080000,29.602322,71500
2020-04-23,30.150000,30.200001,29.719999,29.730000,29.257881,93600
2020-04-24,29.719999,29.770000,29.500000,29.730000,29.257881,45800
2020-04-27,29.990000,30.190001,29.990000,30.170000,29.690893,50200
2020-04-28,30.290001,30.389999,30.150000,30.160000,29.681051,62600
2020-04-29,30.480000,30.770000,30.480000,30.719999,30.232159,59300
2020-04-30,30.709999,30.709999,30.110001,30.270000,29.789307,82300
2020-05-01,29.850000,29.860001,29.490000,29.510000,29.041372,103300
2020-05-04,29.709999,29.959999,29.680000,29.950001,29.474388,45100
2020-05-05,30.129999,30.270000,30.020000,30.049999,29.572796,49700
2020-05-06,30.350000,30.350000,30.139999,30.180000,29.700733,32200
2020-05-07,30.290001,30.340000,29.990000,30.070000,29.592480,46400
2020-05-08,30.350000,30.650000,30.350000,30.559999,30.074699,47300
2020-05-11,30.520000,30.760000,30.520000,30.580000,30.094381,37000
2020-05-12,30.690001,31.020000,30.610001,30.610001,30.123907,45200
2020-05-13,30.879999,30.889999,30.420000,30.580000,30.094381,77000
2020-05-14,30.030001,30.580000,29.990000,30.580000,30.094381,63400
2020-05-15,30.299999,30.350000,30.139999,30.299999,29.818827,73400
2020-05-19,30.920000,31.000000,30.770000,30.770000,30.281364,37000
2020-05-20,31.160000,31.260000,30.959999,31.059999,30.566757,36600
2020-05-21,30.950001,30.969999,30.780001,30.870001,30.379778,50300
2020-05-22,30.719999,30.719999,30.299999,30.340000,29.858192,28500
2020-05-25,30.469999,30.840000,30.400000,30.840000,30.350252,11200
2020-05-26,30.879999,31.010000,30.540001,30.570000,30.084539,46000
2020-05-27,30.760000,30.760000,30.379999,30.570000,30.084539,67700
2020-05-28,30.620001,30.809999,30.400000,30.400000,29.917238,46900
2020-05-29,30.610001,30.950001,30.490000,30.930000,30.438824,107700
2020-06-01,31.090000,31.170000,31.010000,31.160000,30.665171,43300
2020-06-02,31.389999,31.770000,31.389999,31.750000,31.245802,49000
2020-06-03,32.139999,32.389999,32.139999,32.330002,31.816595,46500
2020-06-04,32.130001,32.130001,31.840000,31.940001,31.432783,56200
2020-06-05,32.459999,32.709999,32.400002,32.560001,32.042938,79500
2020-06-08,32.750000,32.750000,32.240002,32.590000,32.072460,49200
2020-06-09,32.389999,32.560001,32.290001,32.520000,32.003574,42800
2020-06-10,32.630001,32.680000,32.349998,32.680000,32.161034,64800
2020-06-11,31.959999,32.060001,31.520000,31.520000,31.019455,75000
2020-06-12,32.130001,32.209999,31.860001,32.180000,31.668974,69100
2020-06-15,31.610001,32.080002,31.590000,31.990000,31.481989,46500
2020-06-16,32.610001,32.630001,32.029999,32.070000,31.560720,60500
2020-06-17,32.279999,32.509998,32.259998,32.410000,31.895321,57200
2020-06-18,32.369999,32.529999,32.369999,32.490002,31.974052,32400
2020-06-19,32.810001,32.810001,32.430000,32.549999,32.033096,47600
2020-06-22,32.549999,32.660000,32.509998,32.590000,32.183197,33400
2020-06-23,33.000000,33.049999,32.910000,32.959999,32.548580,24600
2020-06-24,32.959999,32.959999,32.430000,32.650002,32.242455,40800
2020-06-25,32.560001,32.840000,32.549999,32.840000,32.430080,32800
2020-06-26,32.790001,32.799999,32.450001,32.520000,32.114075,56100
2020-06-29,32.520000,32.720001,32.459999,32.689999,32.281952,42500
2020-06-30,32.689999,32.689999,32.259998,32.340000,31.936319,74700
2020-07-02,33.520000,33.700001,33.500000,33.509998,33.091717,59500
2020-07-03,33.610001,33.889999,33.610001,33.720001,33.299095,46700
2020-07-06,34.509998,34.900002,34.509998,34.900002,34.464367,54200
2020-07-07,34.689999,34.810001,34.509998,34.540001,34.108860,84000
2020-07-08,34.919998,35.220001,34.889999,35.220001,34.780373,53000
2020-07-09,35.490002,35.529999,35.169998,35.430000,34.987751,70600
2020-07-10,35.230000,35.240002,35.020000,35.200001,34.760624,27800
2020-07-13,35.200001,35.610001,35.029999,35.060001,34.622372,37100
2020-07-14,34.720001,35.160000,34.570000,35.119999,34.681618,76000
2020-07-15,35.200001,35.200001,34.770000,34.880001,34.444614,43700
2020-07-16,34.360001,34.540001,34.209999,34.500000,34.069359,35000
2020-07-17,34.709999,34.750000,34.570000,34.700001,34.266865,21700
2020-07-20,34.900002,35.080002,34.840000,35.080002,34.642120,29600
2020-07-21,35.360001,35.380001,35.130001,35.130001,34.691498,41000
2020-07-22,35.139999,35.139999,34.750000,34.880001,34.444614,23200
2020-07-23,34.950001,34.959999,34.509998,34.630001,34.197735,30500
2020-07-24,34.259998,34.599998,34.240002,34.560001,34.128609,29500
2020-07-27,34.860001,34.930000,34.689999,34.910000,34.474243,19200
2020-07-28,34.849998,34.849998,34.570000,34.599998,34.168110,34300
2020-07-29,34.889999,35.139999,34.889999,35.070000,34.632240,45400
2020-07-30,34.849998,34.980000,34.709999,34.970001,34.533493,25400
2020-07-31,34.919998,34.919998,34.360001,34.630001,34.197735,39100
2020-08-04,35.040001,35.139999,34.950001,35.080002,34.642120,77500
2020-08-05,35.209999,35.410000,35.209999,35.310001,34.869247,77600
2020-08-06,35.320000,35.450001,35.150002,35.450001,35.007500,75700
2020-08-07,35.000000,35.099998,34.779999,34.910000,34.474243,42100
2020-08-10,34.900002,34.919998,34.630001,34.869999,34.434738,24400
2020-08-11,34.849998,34.910000,34.560001,34.610001,34.177986,30800
2020-08-12,34.810001,34.930000,34.730000,34.900002,34.464367,18200
2020-08-13,34.790001,34.790001,34.560001,34.619999,34.187862,24900
2020-08-14,34.689999,34.810001,34.689999,34.790001,34.355740,46500
2020-08-17,34.810001,35.040001,34.810001,35.029999,34.592743,32000
2020-08-18,35.029999,35.119999,34.939999,35.080002,34.642120,27700
2020-08-19,34.990002,34.990002,34.730000,34.770000,34.335991,53900
2020-08-20,34.470001,34.610001,34.279999,34.610001,34.177986,32100
2020-08-21,34.680000,34.849998,34.599998,34.820000,34.385365,22700
2020-08-24,35.270000,35.299999,35.160000,35.270000,34.829750,28900
2020-08-25,35.380001,35.509998,35.209999,35.509998,35.066750,40100
2020-08-26,35.529999,35.529999,35.369999,35.450001,35.007500,20000
2020-08-27,35.529999,35.529999,35.090000,35.180000,34.740871,44700
2020-08-28,35.209999,35.549999,35.200001,35.549999,35.106251,27600
2020-08-31,34.910000,35.540001,34.500000,34.700001,34.266865,59100
2020-09-01,34.990002,35.410000,34.990002,35.410000,34.967999,55100
2020-09-02,35.410000,35.410000,34.980000,35.259998,34.819870,50300
2020-09-03,35.040001,35.150002,34.639999,34.840000,34.405117,128300
2020-09-04,34.720001,34.959999,34.230000,34.639999,34.207607,163800
2020-09-08,34.590000,34.590000,34.160000,34.389999,33.960732,58500
2020-09-09,34.590000,34.740002,34.549999,34.700001,34.266865,29700
2020-09-10,34.500000,34.650002,34.230000,34.250000,33.822479,60900
2020-09-11,34.400002,34.689999,34.369999,34.480000,34.049610,68700
2020-09-14,34.750000,35.020000,34.750000,35.020000,34.582867,25400
2020-09-15,35.230000,35.490002,35.230000,35.419998,34.977875,38700
2020-09-16,35.500000,35.509998,35.320000,35.320000,34.879124,41600
2020-09-17,35.090000,35.279999,35.029999,35.139999,34.701370,62100
2020-09-18,35.139999,35.279999,35.020000,35.020000,34.582867,49300
2020-09-21,34.869999,34.869999,34.080002,34.639999,34.478359,44500
2020-09-22,34.439999,34.490002,34.189999,34.400002,34.239479,27300
2020-09-23,34.400002,34.400002,34.009998,34.020000,33.861252,33200
2020-09-24,33.669998,33.990002,33.630001,33.860001,33.702000,79700
2020-09-25,33.750000,33.910000,33.480000,33.900002,33.741814,61800
2020-09-28,34.470001,34.470001,34.119999,34.250000,34.090179,53400
2020-09-29,34.259998,34.340000,34.139999,34.270000,34.110085,38700
2020-09-30,34.430000,34.750000,34.430000,34.630001,34.468407,56100
2020-10-01,34.849998,34.849998,34.660000,34.799999,34.637611,57300
2020-10-02,34.400002,34.770000,34.400002,34.529999,34.368870,51600
2020-10-05,34.650002,34.820000,34.610001,34.810001,34.647568,34600
2020-10-06,34.930000,35.169998,34.930000,35.029999,34.866539,50100
2020-10-07,35.230000,35.349998,35.209999,35.270000,35.105419,34600
2020-10-08,35.330002,35.389999,35.279999,35.360001,35.195000,35600
2020-10-09,35.400002,35.500000,35.220001,35.400002,35.234814,27700
2020-10-13,35.689999,35.730000,35.500000,35.709999,35.543365,63000
2020-10-14,35.709999,35.730000,35.470001,35.470001,35.304485,44900
2020-10-15,35.290001,35.439999,35.220001,35.389999,35.224857,35000
2020-10-16,35.580002,35.580002,35.430000,35.490002,35.324394,25400
2020-10-19,35.529999,35.630001,35.310001,35.360001,35.195000,45300
2020-10-20,35.560001,35.669998,35.480000,35.580002,35.413975,42400
2020-10-21,35.529999,35.709999,35.529999,35.639999,35.473690,47100
2020-10-22,35.709999,35.770000,35.540001,35.650002,35.483646,21300
2020-10-23,35.590000,35.820000,35.509998,35.820000,35.652851,24800
2020-10-26,35.529999,35.709999,35.310001,35.490002,35.324394,55700
2020-10-27,35.599998,35.639999,35.470001,35.610001,35.443832,50300
2020-10-28,35.349998,35.380001,35.080002,35.080002,34.916306,52200
2020-10-29,35.410000,35.570000,35.330002,35.459999,35.294533,43200
2020-10-30,35.150002,35.250000,34.959999,35.090000,34.926258,53300
2020-11-02,35.490002,35.490002,35.070000,35.279999,35.115372,50200
2020-11-03,35.049999,35.220001,34.919998,35.160000,34.995934,44300
2020-11-04,35.709999,36.279999,35.709999,36.209999,36.041031,53900
2020-11-05,36.599998,36.669998,36.279999,36.639999,36.469025,91400
2020-11-06,36.570000,36.820000,36.529999,36.750000,36.578514,28500
2020-11-09,37.770000,37.770000,36.900002,36.939999,36.767624,61700
2020-11-10,36.880001,36.880001,36.419998,36.580002,36.409309,52100
2020-11-11,36.590000,36.849998,36.450001,36.810001,36.638233,53700
2020-11-12,36.990002,37.180000,36.680000,36.750000,36.578514,32500
2020-11-13,37.250000,37.270000,37.049999,37.240002,37.066227,28800
2020-11-16,37.750000,37.750000,37.400002,37.529999,37.354870,60100
2020-11-17,37.349998,37.540001,37.299999,37.470001,37.295155,41900
2020-11-18,37.650002,37.669998,37.310001,37.320000,37.145851,40400
2020-11-19,37.270000,37.400002,37.250000,37.349998,37.175713,32200
2020-11-20,37.470001,37.779999,37.459999,37.689999,37.514126,28300
2020-11-23,37.990002,37.990002,37.619999,37.660000,37.484264,68700
2020-11-24,37.900002,37.939999,37.730000,37.910000,37.733101,45300
2020-11-25,37.610001,37.750000,37.560001,37.740002,37.563896,41700
2020-11-26,38.009998,38.029999,37.820000,37.919998,37.743050,39600
2020-11-27,38.000000,38.240002,37.930000,38.110001,37.932167,58500
2020-11-30,37.950001,37.950001,37.119999,37.119999,36.946785,70800
2020-12-01,37.730000,37.910000,37.570000,37.779999,37.603706,48400
2020-12-02,37.669998,37.790001,37.500000,37.689999,37.514126,52600
2020-12-03,37.939999,38.119999,37.849998,37.889999,37.713192,46600
2020-12-04,38.189999,38.189999,37.849998,37.889999,37.713192,44100
2020-12-07,37.880001,38.070000,37.860001,37.939999,37.762959,66400
2020-12-08,38.000000,38.110001,37.889999,38.110001,37.932167,36400
2020-12-09,38.099998,38.099998,37.560001,37.709999,37.534031,66200
2020-12-10,37.520000,37.959999,37.470001,37.939999,37.762959,50000
2020-12-11,37.799999,37.869999,37.720001,37.779999,37.603706,51400
2020-12-14,37.880001,37.880001,37.660000,37.669998,37.494217,62800
2020-12-15,37.740002,37.770000,37.639999,37.770000,37.593754,45100
2020-12-16,37.990002,38.180000,37.990002,38.110001,37.932167,83700
2020-12-17,38.299999,38.389999,38.200001,38.389999,38.210857,38300
2020-12-18,38.400002,38.529999,38.340000,38.500000,38.320347,47700
2020-12-21,38.090000,38.180000,37.849998,38.110001,37.932167,37800
2020-12-22,38.180000,38.180000,38.000000,38.029999,37.852539,45600
2020-12-23,38.180000,38.320000,38.169998,38.230000,38.051605,24200
2020-12-24,38.220001,38.220001,37.720001,37.880001,37.703239,50800
2020-12-29,38.180000,38.400002,38.110001,38.360001,38.181000,54500
2020-12-30,38.509998,38.650002,38.490002,38.549999,38.549999,44900
2020-12-31,38.720001,38.720001,38.240002,38.380001,38.380001,56300